datetime,holiday,workingday,temp,humidity,windspeed,season,weather,Calls
1/1/2015 00:00,0,0,14.76,66,0,1,1,1
1/1/2015 01:00,0,0,14.76,66,5.9981,1,1,5
1/1/2015 02:00,0,0,13.12,76,0,1,1,2
1/1/2015 03:00,0,0,12.3,81,0,1,1,2
1/1/2015 04:00,0,0,11.48,81,2.57,1,1,1
1/1/2015 05:00,0,0,11.48,81,4.0015,1,1,1
1/1/2015 06:00,0,0,10.66,93,5.9981,1,1,1
1/1/2015 07:00,0,0,10.66,93,7.0014,1,1,1
1/1/2015 08:00,0,0,10.66,87,4.0015,1,1,1
1/1/2015 09:00,0,0,10.66,93,4.0015,1,1,2
1/1/2015 10:00,0,0,12.3,81,4.0015,1,1,4
1/1/2015 11:00,0,0,13.94,76,5.9981,1,1,7
1/1/2015 12:00,0,0,16.4,62,19.0012,1,1,13
1/1/2015 13:00,0,0,17.22,58,19.0012,1,1,14
1/1/2015 14:00,0,0,18.04,54,20,1,1,17
1/1/2015 15:00,0,0,18.86,51,20,1,1,17
1/1/2015 16:00,0,0,18.04,54,20,1,2,14
1/1/2015 17:00,0,0,19.68,48,7.0014,1,2,7
1/1/2015 18:00,0,0,18.86,59,16.9979,1,3,7
1/1/2015 19:00,0,0,17.22,67,26.0027,1,3,7
1/1/2015 20:00,0,0,18.04,62,20,1,2,6
1/1/2015 21:00,0,0,18.04,67,16.9979,1,2,5
1/1/2015 22:00,0,0,18.86,55,27.9993,1,1,5
1/1/2015 23:00,0,0,18.04,51,20,1,1,2
1/2/2015 00:00,1,0,16.4,40,31.0009,1,1,3
1/2/2015 01:00,1,0,14.76,43,27.9993,1,1,2
1/2/2015 02:00,1,0,14.76,34,30.0026,1,1,1
1/2/2015 04:00,1,0,11.48,45,22.0028,1,1,1
1/2/2015 05:00,1,0,11.48,45,22.0028,1,1,1
1/2/2015 06:00,1,0,10.66,41,26.0027,1,1,2
1/2/2015 07:00,1,0,9.84,32,26.0027,1,1,2
1/2/2015 08:00,1,0,9.84,35,16.9979,1,1,4
1/2/2015 09:00,1,0,9.84,35,0,1,1,2
1/2/2015 10:00,1,0,10.66,35,19.0012,1,1,7
1/2/2015 11:00,1,0,10.66,35,32.9975,1,1,12
1/2/2015 12:00,1,0,11.48,36,16.9979,1,1,13
1/2/2015 13:00,1,0,12.3,36,20,1,1,11
1/2/2015 14:00,1,0,12.3,36,27.9993,1,1,10
1/2/2015 15:00,1,0,11.48,38,30.0026,1,1,11
1/2/2015 16:00,1,0,10.66,35,27.9993,1,1,10
1/2/2015 17:00,1,0,10.66,35,26.0027,1,1,10
1/2/2015 18:00,1,0,10.66,33,16.9979,1,1,8
1/2/2015 19:00,1,0,9.84,38,13.0013,1,1,6
1/2/2015 20:00,1,0,9.84,41,13.0013,1,1,6
1/2/2015 21:00,1,0,9.84,41,22.0028,1,2,5
1/2/2015 22:00,1,0,9.02,44,19.0012,1,2,3
1/2/2015 23:00,1,0,9.02,44,16.9979,1,1,3
1/3/2015 00:00,0,1,8.2,51,16.9979,1,1,2
1/3/2015 01:00,0,1,7.38,55,13.0013,1,1,1
1/3/2015 02:00,0,1,7.38,51,16.9979,1,1,1
1/3/2015 03:00,0,1,6.56,55,19.0012,1,1,1
1/3/2015 04:00,0,1,6.56,55,16.9979,1,1,1
1/3/2015 05:00,0,1,5.74,54,9.998,1,1,2
1/3/2015 06:00,0,1,5.74,59,19.0012,1,1,6
1/3/2015 07:00,0,1,5.74,59,16.9979,1,1,10
1/3/2015 08:00,0,1,6.56,55,19.0012,1,1,22
1/3/2015 09:00,0,1,6.56,50,19.0012,1,1,10
1/3/2015 10:00,0,1,6.56,47,31.0009,1,1,4
1/3/2015 11:00,0,1,7.38,37,35.0008,1,1,6
1/3/2015 12:00,0,1,7.38,37,35.0008,1,1,6
1/3/2015 13:00,0,1,7.38,34,43.9989,1,1,18
1/3/2015 14:00,0,1,6.56,43,35.0008,1,1,6
1/3/2015 15:00,0,1,6.56,37,27.9993,1,1,5
1/3/2015 16:00,0,1,5.74,39,39.0007,1,1,14
1/3/2015 17:00,0,1,5.74,26,31.0009,1,1,16
1/3/2015 18:00,0,1,5.74,26,35.0008,1,1,16
1/3/2015 19:00,0,1,4.92,28,27.9993,1,1,10
1/3/2015 20:00,0,1,4.92,33,16.9979,1,1,7
1/3/2015 21:00,0,1,4.1,36,13.0013,1,1,4
1/3/2015 22:00,0,1,4.1,46,16.9979,1,1,3
1/3/2015 23:00,0,1,4.1,46,26.0027,1,1,2
1/4/2015 00:00,0,1,3.28,42,22.0028,1,1,1
1/4/2015 01:00,0,1,1.64,38,20,1,1,1
1/4/2015 02:00,0,1,0.82,34,19.0012,1,1,1
1/4/2015 03:00,0,1,0.82,34,19.0012,1,1,1
1/4/2015 04:00,0,1,0.82,41,9.998,1,1,1
1/4/2015 05:00,0,1,0.82,41,9.998,1,1,2
1/4/2015 06:00,0,1,0.82,41,7.0014,1,1,4
1/4/2015 07:00,0,1,0.82,44,9.998,1,1,9
1/4/2015 08:00,0,1,0.82,44,5.9981,1,1,16
1/4/2015 09:00,0,1,1.64,45,5.9981,1,1,9
1/4/2015 10:00,0,1,2.46,45,0,1,1,2
1/4/2015 11:00,0,1,3.28,42,2.57,1,2,2
1/4/2015 12:00,0,1,4.1,46,9.998,1,2,6
1/4/2015 13:00,0,1,5.74,43,16.9979,1,2,6
1/4/2015 14:00,0,1,5.74,46,16.9979,1,2,5
1/4/2015 15:00,0,1,7.38,37,22.0028,1,2,6
1/4/2015 16:00,0,1,7.38,40,19.0012,1,2,9
1/4/2015 17:00,0,1,8.2,40,9.998,1,2,17
1/4/2015 18:00,0,1,8.2,37,5.9981,1,2,15
1/4/2015 19:00,0,1,8.2,40,4.0015,1,2,9
1/4/2015 20:00,0,1,8.2,40,9.998,1,2,8
1/4/2015 21:00,0,1,8.2,44,0,1,2,2
1/4/2015 22:00,0,1,8.2,47,2.57,1,2,3
1/4/2015 23:00,0,1,8.2,44,4.0015,1,2,2
1/5/2015 00:00,0,1,9.02,47,9.998,1,2,2
1/5/2015 01:00,0,1,8.2,51,2.57,1,1,1
1/5/2015 02:00,0,1,8.2,51,2.57,1,1,1
1/5/2015 03:00,0,1,8.2,61,0,1,1,1
1/5/2015 04:00,0,1,8.2,59,2.57,1,2,1
1/5/2015 05:00,0,1,8.2,59,2.57,1,2,2
1/5/2015 06:00,0,1,8.2,75,5.9981,1,2,4
1/5/2015 07:00,0,1,8.2,69,2.57,1,2,9
1/5/2015 08:00,0,1,8.2,75,0,1,2,8
1/5/2015 09:00,0,1,9.02,69,0,1,2,5
1/5/2015 10:00,0,1,9.84,52,2.57,1,2,4
1/5/2015 11:00,0,1,12.3,49,0,1,1,2
1/5/2015 12:00,0,1,12.3,49,16.9979,1,1,7
1/5/2015 13:00,0,1,13.94,42,20,1,1,8
1/5/2015 14:00,0,1,13.94,39,19.0012,1,1,8
1/5/2015 15:00,0,1,14.76,34,19.0012,1,1,8
1/5/2015 16:00,0,1,14.76,34,19.0012,1,1,12
1/5/2015 17:00,0,1,14.76,34,9.998,1,2,24
1/5/2015 18:00,0,1,13.94,36,7.0014,1,1,21
1/5/2015 19:00,0,1,13.94,34,2.57,1,1,11
1/5/2015 20:00,0,1,12.3,49,0,1,1,4
1/5/2015 21:00,0,1,10.66,60,5.9981,1,1,5
1/5/2015 22:00,0,1,10.66,60,7.0014,1,1,5
1/5/2015 23:00,0,1,9.84,70,4.0015,1,1,3
1/6/2015 00:00,0,1,9.02,75,2.57,1,1,2
1/6/2015 01:00,0,1,9.02,75,0,1,1,1
1/6/2015 02:00,0,1,9.02,69,7.0014,1,1,1
1/6/2015 03:00,0,1,9.02,69,4.0015,1,1,1
1/6/2015 04:00,0,1,9.02,69,5.9981,1,1,1
1/6/2015 05:00,0,1,8.2,80,5.9981,1,2,1
1/6/2015 06:00,0,1,9.02,73,4.0015,1,2,4
1/6/2015 07:00,0,1,9.84,65,0,1,2,5
1/6/2015 08:00,0,1,9.84,70,5.9981,1,1,23
1/6/2015 09:00,0,1,9.84,70,7.0014,1,1,13
1/6/2015 10:00,0,1,10.66,65,9.998,1,1,7
1/6/2015 11:00,0,1,12.3,56,7.0014,1,1,8
1/6/2015 12:00,0,1,14.76,50,16.9979,1,1,12
1/6/2015 13:00,0,1,16.4,43,19.0012,1,1,13
1/6/2015 14:00,0,1,18.86,36,9.998,1,1,11
1/6/2015 15:00,0,1,21.32,27,16.9979,1,1,14
1/6/2015 16:00,0,1,21.32,27,19.0012,1,1,18
1/6/2015 17:00,0,1,18.86,36,13.0013,1,1,27
1/6/2015 18:00,0,1,20.5,29,16.9979,1,1,25
1/6/2015 19:00,0,1,18.86,33,19.0012,1,1,17
1/6/2015 20:00,0,1,17.22,41,9.998,1,1,11
1/6/2015 21:00,0,1,16.4,43,13.0013,1,1,9
1/6/2015 22:00,0,1,14.76,50,9.998,1,1,8
1/6/2015 23:00,0,1,14.76,50,0,1,1,3
1/7/2015 00:00,0,0,14.76,50,7.0014,1,1,5
1/7/2015 01:00,0,0,15.58,46,7.0014,1,1,4
1/7/2015 02:00,0,0,14.76,50,4.0015,1,1,2
1/7/2015 03:00,0,0,13.12,57,4.0015,1,1,1
1/7/2015 04:00,0,0,13.12,57,2.57,1,1,1
1/7/2015 05:00,0,0,10.66,75,4.0015,1,1,1
1/7/2015 06:00,0,0,10.66,75,4.0015,1,1,1
1/7/2015 07:00,0,0,9.02,87,9.998,1,1,2
1/7/2015 08:00,0,0,9.84,75,4.0015,1,1,4
1/7/2015 09:00,0,0,9.02,80,5.9981,1,1,7
1/7/2015 10:00,0,0,11.48,75,2.57,1,1,9
1/7/2015 11:00,0,0,13.94,57,13.0013,1,1,19
1/7/2015 12:00,0,0,16.4,43,13.0013,1,1,22
1/7/2015 13:00,0,0,18.04,44,9.998,1,1,26
1/7/2015 14:00,0,0,20.5,42,19.0012,1,1,31
1/7/2015 15:00,0,0,23.78,37,20,1,1,27
1/7/2015 16:00,0,0,22.96,37,19.0012,1,2,25
1/7/2015 17:00,0,0,22.14,43,5.9981,1,2,17
1/7/2015 18:00,0,0,22.14,45,5.9981,1,1,15
1/7/2015 19:00,0,0,21.32,42,4.0015,1,1,10
1/7/2015 20:00,0,0,20.5,39,16.9979,1,1,10
1/7/2015 21:00,0,0,18.04,44,13.0013,1,1,8
1/7/2015 22:00,0,0,18.04,38,16.9979,1,1,7
1/7/2015 23:00,0,0,17.22,38,13.0013,1,1,7
1/8/2015 00:00,0,0,15.58,40,19.0012,1,1,6
1/8/2015 01:00,0,0,13.94,42,9.998,1,1,5
1/8/2015 02:00,0,0,14.76,37,19.0012,1,1,5
1/8/2015 03:00,0,0,13.94,42,5.9981,1,1,2
1/8/2015 04:00,0,0,13.12,49,16.9979,1,1,1
1/8/2015 05:00,0,0,13.12,49,4.0015,1,2,1
1/8/2015 06:00,0,0,12.3,52,0,1,2,1
1/8/2015 07:00,0,0,12.3,52,0,1,2,1
1/8/2015 08:00,0,0,12.3,52,5.9981,1,1,3
1/8/2015 09:00,0,0,13.12,53,5.9981,1,1,7
1/8/2015 10:00,0,0,13.94,49,7.0014,1,1,11
1/8/2015 11:00,0,0,14.76,46,13.0013,1,1,15
1/8/2015 12:00,0,0,15.58,43,13.0013,1,1,21
1/8/2015 13:00,0,0,16.4,37,20,1,1,21
1/8/2015 14:00,0,0,16.4,40,9.998,1,1,19
1/8/2015 15:00,0,0,16.4,37,19.0012,1,1,20
1/8/2015 16:00,0,0,16.4,37,20,1,1,20
1/8/2015 17:00,0,0,15.58,40,13.0013,1,1,13
1/8/2015 18:00,0,0,13.94,46,13.0013,1,1,11
1/8/2015 19:00,0,0,13.12,49,9.998,1,1,7
1/8/2015 20:00,0,0,12.3,52,7.0014,1,1,7
1/8/2015 21:00,0,0,11.48,56,13.0013,1,1,6
1/8/2015 22:00,0,0,10.66,60,4.0015,1,1,3
1/8/2015 23:00,0,0,10.66,56,16.9979,1,1,2
1/9/2015 00:00,0,1,9.84,60,13.0013,1,1,2
1/9/2015 01:00,0,1,9.84,60,5.9981,1,1,1
1/9/2015 02:00,0,1,9.84,56,5.9981,1,1,1
1/9/2015 03:00,0,1,9.84,52,7.0014,1,1,1
1/9/2015 04:00,0,1,9.02,64,4.0015,1,1,1
1/9/2015 05:00,0,1,8.2,64,2.57,1,2,2
1/9/2015 06:00,0,1,9.02,60,5.9981,1,2,5
1/9/2015 07:00,0,1,9.02,60,4.0015,1,2,11
1/9/2015 08:00,0,1,9.02,55,2.57,1,2,17
1/9/2015 09:00,0,1,9.02,64,0,1,2,4
1/9/2015 10:00,0,1,9.84,60,0,1,1,3
1/9/2015 11:00,0,1,10.66,56,2.57,1,2,4
1/9/2015 12:00,0,1,10.66,56,4.0015,1,2,5
1/9/2015 13:00,0,1,10.66,56,4.0015,1,2,4
1/9/2015 14:00,0,1,9.02,75,7.0014,1,3,3
1/9/2015 15:00,0,1,9.02,75,7.0014,1,3,4
1/9/2015 16:00,0,1,9.02,87,2.57,1,3,2
1/9/2015 17:00,0,1,9.02,87,0,1,3,4
1/9/2015 18:00,0,1,8.2,86,2.57,1,3,7
1/9/2015 19:00,0,1,8.2,93,2.57,1,3,8
1/9/2015 20:00,0,1,8.2,86,2.57,1,2,6
1/9/2015 21:00,0,1,8.2,93,0,1,2,2
1/9/2015 22:00,0,1,8.2,92,4.0015,1,2,4
1/9/2015 23:00,0,1,9.02,87,4.0015,1,2,3
1/10/2015 00:00,0,1,9.02,87,4.0015,1,2,1
1/10/2015 01:00,0,1,9.02,93,4.0015,1,2,1
1/10/2015 02:00,0,1,9.02,87,7.0014,1,2,1
1/10/2015 04:00,0,1,8.2,86,7.0014,1,2,1
1/10/2015 05:00,0,1,16.4,47,13.0013,1,1,2
1/10/2015 06:00,0,1,7.38,93,9.998,1,2,5
1/10/2015 07:00,0,1,7.38,93,7.0014,1,2,12
1/10/2015 08:00,0,1,7.38,93,7.0014,1,2,25
1/10/2015 09:00,0,1,7.38,93,7.0014,1,2,11
1/10/2015 10:00,0,1,7.38,93,7.0014,1,2,5
1/10/2015 11:00,0,1,17.22,38,20,1,1,7
1/10/2015 12:00,0,1,17.22,38,20,1,1,9
1/10/2015 13:00,0,1,17.22,38,20,1,1,11
1/10/2015 14:00,0,1,17.22,38,20,1,1,7
1/10/2015 15:00,0,1,17.22,38,20,1,1,9
1/10/2015 16:00,0,1,17.22,38,23.9994,1,1,15
1/10/2015 17:00,0,1,17.22,38,16.9979,1,1,27
1/10/2015 18:00,0,1,16.4,40,4.0015,1,1,18
1/10/2015 19:00,0,1,15.58,46,4.0015,1,1,13
1/10/2015 20:00,0,1,13.94,53,4.0015,1,1,9
1/10/2015 21:00,0,1,13.12,66,2.57,1,1,5
1/10/2015 22:00,0,1,12.3,70,2.57,1,1,5
1/10/2015 23:00,0,1,10.66,81,4.0015,1,1,3
2/1/2015 00:00,0,1,18.04,38,19.0012,1,1,3
2/1/2015 01:00,0,1,18.04,41,19.0012,1,1,1
2/1/2015 02:00,0,1,18.04,44,19.0012,1,1,1
2/1/2015 03:00,0,1,18.04,44,9.998,1,1,1
2/1/2015 04:00,0,1,16.4,50,7.0014,1,1,1
2/1/2015 05:00,0,1,16.4,50,7.0014,1,1,2
2/1/2015 06:00,0,1,16.4,54,7.0014,1,3,4
2/1/2015 07:00,0,1,15.58,62,2.57,1,3,9
2/1/2015 08:00,0,1,14.76,73,4.0015,1,3,23
2/1/2015 09:00,0,1,14.76,71,9.998,1,2,16
2/1/2015 10:00,0,1,16.4,62,5.9981,1,1,7
2/1/2015 11:00,0,1,16.4,58,7.0014,1,1,8
2/1/2015 12:00,0,1,18.04,54,4.0015,1,1,8
2/1/2015 13:00,0,1,18.86,47,13.0013,1,1,11
2/1/2015 14:00,0,1,25.42,33,13.0013,1,1,12
2/1/2015 15:00,0,1,24.6,35,19.0012,1,1,12
2/1/2015 16:00,0,1,24.6,40,13.0013,1,1,17
2/1/2015 17:00,0,1,23.78,43,9.998,1,1,31
2/1/2015 18:00,0,1,22.96,46,7.0014,1,1,28
2/1/2015 19:00,0,1,22.14,52,19.0012,1,1,21
2/1/2015 20:00,0,1,21.32,52,7.0014,1,1,15
2/1/2015 21:00,0,1,21.32,52,7.0014,1,1,13
2/1/2015 22:00,0,1,20.5,55,9.998,1,1,8
2/1/2015 23:00,0,1,18.86,63,2.57,1,1,4
2/2/2015 00:00,0,1,18.86,59,5.9981,1,1,2
2/2/2015 01:00,0,1,18.86,55,0,1,2,1
2/2/2015 02:00,0,1,17.22,67,5.9981,1,2,1
2/2/2015 03:00,0,1,17.22,67,5.9981,1,2,1
2/2/2015 04:00,0,1,16.4,82,2.57,1,3,1
2/2/2015 05:00,0,1,16.4,82,0,1,3,1
2/2/2015 06:00,0,1,14.76,90,0,1,3,2
2/2/2015 07:00,0,1,14.76,93,0,1,3,5
2/2/2015 08:00,0,1,16.4,87,0,1,3,9
2/2/2015 09:00,0,1,15.58,87,0,1,3,5
2/2/2015 10:00,0,1,17.22,77,4.0015,1,3,4
2/2/2015 11:00,0,1,16.4,82,16.9979,1,3,7
2/2/2015 12:00,0,1,17.22,82,0,1,1,3
2/2/2015 13:00,0,1,17.22,77,0,1,2,3
2/2/2015 14:00,0,1,16.4,76,4.0015,1,1,7
2/2/2015 15:00,0,1,18.86,67,7.0014,1,1,10
2/2/2015 16:00,0,1,18.86,55,19.0012,1,1,14
2/2/2015 17:00,0,1,17.22,54,32.9975,1,1,30
2/2/2015 18:00,0,1,16.4,43,31.0009,1,1,27
2/2/2015 19:00,0,1,15.58,43,35.0008,1,1,23
2/2/2015 20:00,0,1,14.76,46,35.0008,1,1,15
2/2/2015 21:00,0,1,13.94,46,27.9993,1,1,10
2/2/2015 22:00,0,1,13.12,49,27.9993,1,1,7
2/2/2015 23:00,0,1,13.12,49,16.9979,1,1,5
2/3/2015 00:00,0,1,13.12,53,26.0027,1,1,3
2/3/2015 01:00,0,1,12.3,56,22.0028,1,1,2
2/3/2015 02:00,0,1,12.3,52,13.0013,1,1,1
2/3/2015 03:00,0,1,11.48,56,20,1,1,1
2/3/2015 04:00,0,1,10.66,60,13.0013,1,1,1
2/3/2015 05:00,0,1,10.66,60,13.0013,1,1,2
2/3/2015 06:00,0,1,9.84,65,7.0014,1,1,5
2/3/2015 07:00,0,1,9.84,65,13.0013,1,1,13
2/3/2015 08:00,0,1,9.84,65,13.0013,1,1,26
2/3/2015 09:00,0,1,9.84,65,9.998,1,1,16
2/3/2015 10:00,0,1,11.48,56,19.0012,1,1,8
2/3/2015 11:00,0,1,13.12,53,20,1,1,11
2/3/2015 12:00,0,1,13.94,46,5.9981,1,1,11
2/3/2015 13:00,0,1,14.76,46,0,1,1,4
2/3/2015 14:00,0,1,14.76,46,13.0013,1,1,10
2/3/2015 15:00,0,1,15.58,40,0,1,1,5
2/3/2015 16:00,0,1,16.4,37,4.0015,1,1,15
2/3/2015 17:00,0,1,16.4,37,2.57,1,1,20
2/3/2015 18:00,0,1,15.58,40,5.9981,1,1,20
2/3/2015 19:00,0,1,13.94,49,4.0015,1,1,12
2/3/2015 20:00,0,1,13.94,49,4.0015,1,1,8
2/3/2015 21:00,0,1,13.94,49,4.0015,1,1,7
2/3/2015 22:00,0,1,13.94,49,4.0015,1,1,6
2/3/2015 23:00,0,1,10.66,70,4.0015,1,1,4
2/4/2015 00:00,0,0,10.66,70,4.0015,1,1,4
2/4/2015 01:00,0,0,10.66,70,4.0015,1,1,3
2/4/2015 02:00,0,0,9.84,70,2.57,1,1,2
2/4/2015 03:00,0,0,9.84,75,0,1,1,1
2/4/2015 04:00,0,0,9.84,81,2.57,1,1,1
2/4/2015 05:00,0,0,9.84,81,2.57,1,1,1
2/4/2015 06:00,0,0,9.02,87,5.9981,1,1,1
2/4/2015 07:00,0,0,9.84,87,5.9981,1,2,2
2/4/2015 08:00,0,0,9.84,87,0,1,1,2
2/4/2015 09:00,0,0,9.84,81,5.9981,1,1,8
2/4/2015 10:00,0,0,9.84,87,4.0015,1,1,11
2/4/2015 11:00,0,0,12.3,70,0,1,1,6
2/4/2015 12:00,0,0,12.3,70,2.57,1,2,12
2/4/2015 13:00,0,0,12.3,70,9.998,1,2,18
2/4/2015 14:00,0,0,13.12,66,13.0013,1,2,16
2/4/2015 15:00,0,0,13.12,66,13.0013,1,2,18
2/4/2015 16:00,0,0,13.94,61,7.0014,1,2,8
2/4/2015 17:00,0,0,12.3,70,9.998,1,3,4
2/4/2015 18:00,0,0,11.48,75,7.0014,1,3,4
2/4/2015 19:00,0,0,10.66,87,5.9981,1,3,4
2/4/2015 20:00,0,0,9.84,93,9.998,1,3,5
2/4/2015 21:00,0,0,9.84,93,5.9981,1,3,4
2/4/2015 22:00,0,0,9.84,87,2.57,1,2,4
2/4/2015 23:00,0,0,9.84,87,5.9981,1,2,4
2/5/2015 00:00,0,0,9.84,87,5.9981,1,2,4
2/5/2015 01:00,0,0,9.84,93,4.0015,1,2,3
2/5/2015 02:00,0,0,9.84,93,4.0015,1,2,4
2/5/2015 03:00,0,0,9.84,87,2.57,1,3,1
2/5/2015 04:00,0,0,9.84,87,5.9981,1,2,1
2/5/2015 05:00,0,0,10.66,81,9.998,1,3,1
2/5/2015 06:00,0,0,10.66,70,16.9979,1,2,1
2/5/2015 07:00,0,0,9.84,75,7.0014,1,2,2
2/5/2015 08:00,0,0,9.84,75,7.0014,1,2,4
2/5/2015 09:00,0,0,9.84,70,13.0013,1,2,6
2/5/2015 10:00,0,0,10.66,65,19.0012,1,2,9
2/5/2015 11:00,0,0,10.66,70,9.998,1,2,11
2/5/2015 12:00,0,0,10.66,65,9.998,1,2,14
2/5/2015 13:00,0,0,11.48,61,7.0014,1,2,15
2/5/2015 14:00,0,0,12.3,61,7.0014,1,1,13
2/5/2015 15:00,0,0,12.3,56,16.9979,1,2,17
2/5/2015 16:00,0,0,12.3,56,13.0013,1,1,17
2/5/2015 17:00,0,0,13.12,53,7.0014,1,1,17
2/5/2015 18:00,0,0,12.3,52,16.9979,1,1,12
2/5/2015 19:00,0,0,12.3,52,13.0013,1,1,4
2/5/2015 20:00,0,0,11.48,56,9.998,1,1,3
2/5/2015 21:00,0,0,11.48,56,4.0015,1,1,4
2/5/2015 22:00,0,0,10.66,60,4.0015,1,1,9
2/5/2015 23:00,0,0,9.84,70,5.9981,1,1,3
2/6/2015 00:00,0,1,9.84,65,5.9981,1,1,2
2/6/2015 01:00,0,1,9.02,75,2.57,1,1,1
2/6/2015 02:00,0,1,9.02,75,0,1,1,1
2/6/2015 04:00,0,1,7.38,80,4.0015,1,1,1
2/6/2015 05:00,0,1,7.38,80,4.0015,1,1,1
2/6/2015 06:00,0,1,6.56,86,4.0015,1,1,4
2/6/2015 07:00,0,1,6.56,86,4.0015,1,1,11
2/6/2015 08:00,0,1,6.56,86,5.9981,1,1,23
2/6/2015 09:00,0,1,7.38,80,4.0015,1,1,13
2/6/2015 10:00,0,1,9.02,75,4.0015,1,1,6
2/6/2015 11:00,0,1,10.66,70,5.9981,1,1,6
2/6/2015 12:00,0,1,13.12,61,7.0014,1,1,8
2/6/2015 13:00,0,1,15.58,40,13.0013,1,1,9
2/6/2015 14:00,0,1,16.4,35,7.0014,1,1,8
2/6/2015 15:00,0,1,17.22,32,19.0012,1,1,11
2/6/2015 16:00,0,1,16.4,43,16.9979,1,1,14
2/6/2015 17:00,0,1,16.4,43,16.9979,1,1,25
2/6/2015 18:00,0,1,15.58,43,13.0013,1,1,25
2/6/2015 19:00,0,1,14.76,43,16.9979,1,1,18
2/6/2015 20:00,0,1,13.94,46,7.0014,1,1,11
2/6/2015 21:00,0,1,13.12,57,7.0014,1,1,9
2/6/2015 22:00,0,1,12.3,65,5.9981,1,1,5
2/6/2015 23:00,0,1,12.3,65,5.9981,1,1,3
2/7/2015 00:00,0,1,12.3,70,9.998,1,1,2
2/7/2015 01:00,0,1,11.48,61,5.9981,1,1,1
2/7/2015 02:00,0,1,12.3,61,0,1,1,1
2/7/2015 03:00,0,1,12.3,70,0,1,2,1
2/7/2015 04:00,0,1,12.3,70,0,1,2,1
2/7/2015 05:00,0,1,13.12,49,2.57,1,1,1
2/7/2015 06:00,0,1,13.12,45,20,1,1,6
2/7/2015 07:00,0,1,13.12,45,0,1,1,6
2/7/2015 08:00,0,1,12.3,49,0,1,1,11
2/7/2015 09:00,0,1,13.12,49,0,1,1,6
2/7/2015 10:00,0,1,13.94,46,7.0014,1,1,7
2/7/2015 11:00,0,1,14.76,46,9.998,1,1,8
2/7/2015 12:00,0,1,16.4,40,22.0028,1,1,11
2/7/2015 13:00,0,1,18.04,38,16.9979,1,1,12
2/7/2015 14:00,0,1,18.04,38,16.9979,1,1,9
2/7/2015 15:00,0,1,18.04,38,9.998,1,1,9
2/7/2015 16:00,0,1,18.04,35,16.9979,1,1,17
2/7/2015 17:00,0,1,18.04,35,9.998,1,1,29
2/7/2015 18:00,0,1,17.22,38,9.998,1,1,30
2/7/2015 19:00,0,1,15.58,43,13.0013,1,1,20
2/7/2015 20:00,0,1,14.76,50,5.9981,1,1,11
2/7/2015 21:00,0,1,13.94,61,4.0015,1,1,9
2/7/2015 22:00,0,1,13.12,57,9.998,1,1,7
2/7/2015 23:00,0,1,13.12,57,5.9981,1,1,3
2/8/2015 00:00,0,1,12.3,56,13.0013,1,1,2
2/8/2015 01:00,0,1,11.48,61,7.0014,1,1,1
2/8/2015 02:00,0,1,10.66,65,0,1,1,1
2/8/2015 03:00,0,1,10.66,65,0,1,1,1
2/8/2015 04:00,0,1,9.84,70,2.57,1,1,1
2/8/2015 05:00,0,1,9.84,70,2.57,1,1,1
2/8/2015 06:00,0,1,9.84,70,0,1,2,2
2/8/2015 07:00,0,1,9.84,70,4.0015,1,2,13
2/8/2015 08:00,0,1,9.84,70,13.0013,1,2,29
2/8/2015 09:00,0,1,9.84,70,7.0014,1,2,14
2/8/2015 10:00,0,1,10.66,70,13.0013,1,2,7
2/8/2015 11:00,0,1,10.66,65,13.0013,1,2,7
2/8/2015 12:00,0,1,11.48,65,19.0012,1,2,9
2/8/2015 13:00,0,1,11.48,61,4.0015,1,2,6
2/8/2015 14:00,0,1,12.3,56,7.0014,1,2,6
2/8/2015 15:00,0,1,12.3,61,4.0015,1,3,3
2/8/2015 16:00,0,1,10.66,81,4.0015,1,3,4
2/8/2015 17:00,0,1,9.84,87,4.0015,1,3,8
2/8/2015 18:00,0,1,9.84,87,4.0015,1,3,8
2/8/2015 19:00,0,1,9.84,87,4.0015,1,3,8
2/8/2015 20:00,0,1,9.84,87,5.9981,1,3,7
2/8/2015 21:00,0,1,9.84,87,9.998,1,3,8
2/8/2015 22:00,0,1,9.84,87,5.9981,1,2,5
2/8/2015 23:00,0,1,9.84,87,7.0014,1,2,4
2/9/2015 00:00,0,1,9.84,87,7.0014,1,2,2
2/9/2015 01:00,0,1,9.84,87,5.9981,1,2,1
2/9/2015 02:00,0,1,9.02,80,5.9981,1,1,1
2/9/2015 03:00,0,1,9.02,80,19.0012,1,1,1
2/9/2015 04:00,0,1,9.02,75,30.0026,1,2,1
2/9/2015 05:00,0,1,8.2,75,19.0012,1,1,2
2/9/2015 06:00,0,1,8.2,75,19.0012,1,1,5
2/9/2015 07:00,0,1,8.2,69,16.9979,1,1,16
2/9/2015 08:00,0,1,8.2,64,16.9979,1,1,29
2/9/2015 09:00,0,1,8.2,59,13.0013,1,1,14
2/9/2015 10:00,0,1,9.02,51,13.0013,1,1,6
2/9/2015 11:00,0,1,9.84,52,13.0013,1,1,6
2/9/2015 12:00,0,1,10.66,48,22.0028,1,1,10
2/9/2015 13:00,0,1,12.3,42,22.0028,1,1,10
2/9/2015 14:00,0,1,13.12,39,20,1,1,9
2/9/2015 15:00,0,1,13.12,36,20,1,1,9
2/9/2015 16:00,0,1,13.94,36,0,1,1,5
2/9/2015 17:00,0,1,13.94,34,5.9981,1,1,20
2/9/2015 18:00,0,1,13.94,31,7.0014,1,1,22
2/9/2015 19:00,0,1,13.12,33,4.0015,1,1,14
2/9/2015 20:00,0,1,13.12,36,0,1,1,4
2/9/2015 21:00,0,1,12.3,52,2.57,1,1,8
2/9/2015 22:00,0,1,12.3,56,0,1,2,3
2/9/2015 23:00,0,1,12.3,52,0,1,2,2
2/10/2015 00:00,0,1,11.48,65,2.57,1,2,2
2/10/2015 01:00,0,1,11.48,61,2.57,1,2,1
2/10/2015 02:00,0,1,10.66,52,2.57,1,1,1
2/10/2015 03:00,0,1,10.66,56,2.57,1,1,1
2/10/2015 04:00,0,1,10.66,56,2.57,1,1,1
2/10/2015 05:00,0,1,9.84,52,13.0013,1,1,2
2/10/2015 06:00,0,1,8.2,59,9.998,1,1,4
2/10/2015 07:00,0,1,8.2,59,7.0014,1,1,12
2/10/2015 08:00,0,1,8.2,59,7.0014,1,1,24
2/10/2015 09:00,0,1,9.02,55,7.0014,1,1,15
2/10/2015 10:00,0,1,10.66,48,5.9981,1,2,7
2/10/2015 11:00,0,1,11.48,45,4.0015,1,2,8
2/10/2015 12:00,0,1,12.3,42,5.9981,1,2,9
2/10/2015 13:00,0,1,12.3,42,2.57,1,2,8
2/10/2015 14:00,0,1,13.12,39,2.57,1,2,6
2/10/2015 15:00,0,1,13.12,45,5.9981,1,2,10
2/10/2015 16:00,0,1,13.94,42,16.9979,1,2,16
2/10/2015 17:00,0,1,13.94,42,9.998,1,2,23
2/10/2015 18:00,0,1,12.3,61,5.9981,1,3,18
2/10/2015 19:00,0,1,13.12,57,0,1,2,6
2/10/2015 20:00,0,1,13.12,57,0,1,2,4
2/10/2015 21:00,0,1,13.12,66,2.57,1,2,6
2/10/2015 22:00,0,1,13.12,66,0,1,2,3
2/10/2015 23:00,0,1,12.3,70,2.57,1,2,3
2/11/2015 00:00,0,0,12.3,70,5.9981,1,2,3
2/11/2015 01:00,0,0,11.48,81,5.9981,1,3,3
2/11/2015 02:00,0,0,10.66,81,9.998,1,3,2
2/11/2015 03:00,0,0,9.84,87,13.0013,1,3,1
2/11/2015 04:00,0,0,9.84,87,13.0013,1,3,1
2/11/2015 05:00,0,0,9.02,93,7.0014,1,3,1
2/11/2015 06:00,0,0,9.02,93,5.9981,1,3,1
2/11/2015 07:00,0,0,9.02,93,5.9981,1,3,1
3/1/2015 00:00,0,1,17.22,94,0,1,2,1
3/1/2015 01:00,0,1,18.86,94,4.0015,1,3,1
3/1/2015 02:00,0,1,18.86,94,19.0012,1,2,1
3/1/2015 03:00,0,1,18.86,94,13.0013,1,1,1
3/1/2015 04:00,0,1,19.68,88,9.998,1,1,1
3/1/2015 05:00,0,1,19.68,88,7.0014,1,1,2
3/1/2015 06:00,0,1,17.22,94,0,1,2,3
3/1/2015 07:00,0,1,18.04,94,5.9981,1,2,16
3/1/2015 08:00,0,1,17.22,94,5.9981,1,1,30
3/1/2015 09:00,0,1,18.86,77,16.9979,1,1,17
3/1/2015 10:00,0,1,21.32,55,7.0014,1,1,8
3/1/2015 11:00,0,1,22.96,43,9.998,1,1,10
3/1/2015 12:00,0,1,22.96,37,13.0013,1,1,13
3/1/2015 13:00,0,1,23.78,32,16.9979,1,1,13
3/1/2015 14:00,0,1,23.78,35,13.0013,1,1,13
3/1/2015 15:00,0,1,24.6,31,16.9979,1,1,14
3/1/2015 16:00,0,1,23.78,32,20,1,1,22
3/1/2015 17:00,0,1,22.96,35,20,1,1,36
3/1/2015 18:00,0,1,22.14,34,23.9994,1,1,15
3/1/2015 19:00,0,1,19.68,41,22.0028,1,1,20
3/1/2015 20:00,0,1,18.04,44,27.9993,1,1,17
3/1/2015 21:00,0,1,17.22,47,31.0009,1,1,13
3/1/2015 22:00,0,1,15.58,50,16.9979,1,1,8
3/1/2015 23:00,0,1,14.76,50,13.0013,1,1,6
3/2/2015 00:00,0,1,13.94,53,7.0014,1,1,3
3/2/2015 01:00,0,1,13.94,49,13.0013,1,1,2
3/2/2015 02:00,0,1,13.94,53,19.0012,1,1,1
3/2/2015 03:00,0,1,13.12,57,9.998,1,1,1
3/2/2015 04:00,0,1,13.12,61,0,1,1,1
3/2/2015 05:00,0,1,12.3,70,0,1,1,1
3/2/2015 06:00,0,1,12.3,70,0,1,1,2
3/2/2015 07:00,0,1,12.3,70,0,1,1,6
3/2/2015 08:00,0,1,11.48,75,2.57,1,1,22
3/2/2015 09:00,0,1,12.3,81,0,1,1,7
3/2/2015 10:00,0,1,14.76,50,7.0014,1,1,8
3/2/2015 11:00,0,1,15.58,46,9.998,1,1,12
3/2/2015 12:00,0,1,16.4,43,7.0014,1,1,13
3/2/2015 13:00,0,1,17.22,44,13.0013,1,1,13
3/2/2015 14:00,0,1,18.04,44,19.0012,1,2,13
3/2/2015 15:00,0,1,17.22,50,20,1,2,5
3/2/2015 16:00,0,1,16.4,58,20,1,3,3
3/2/2015 17:00,0,1,14.76,81,13.0013,1,3,8
3/2/2015 18:00,0,1,14.76,87,9.998,1,3,9
3/2/2015 19:00,0,1,14.76,87,9.998,1,3,11
3/2/2015 20:00,0,1,14.76,87,9.998,1,2,6
3/2/2015 21:00,0,1,14.76,87,2.57,1,3,5
3/2/2015 22:00,0,1,14.76,87,0,1,2,2
3/2/2015 23:00,0,1,14.76,87,0,1,2,1
3/3/2015 00:00,0,0,14.76,93,2.57,1,3,2
3/3/2015 01:00,0,0,14.76,93,0,1,3,1
3/3/2015 02:00,0,0,14.76,93,2.57,1,3,2
3/3/2015 03:00,0,0,14.76,93,7.0014,1,2,2
3/3/2015 04:00,0,0,14.76,93,9.998,1,2,1
3/3/2015 05:00,0,0,14.76,93,2.57,1,2,1
3/3/2015 06:00,0,0,14.76,93,2.57,1,2,1
3/3/2015 07:00,0,0,14.76,93,5.9981,1,2,1
3/3/2015 08:00,0,0,14.76,93,0,1,3,1
3/3/2015 09:00,0,0,15.58,87,2.57,1,3,4
3/3/2015 10:00,0,0,16.4,87,0,1,2,4
3/3/2015 11:00,0,0,16.4,87,2.57,1,2,9
3/3/2015 12:00,0,0,17.22,67,16.9979,1,2,18
3/3/2015 13:00,0,0,18.04,51,19.0012,1,1,21
3/3/2015 14:00,0,0,18.86,44,23.9994,1,2,15
3/3/2015 15:00,0,0,19.68,29,20,1,1,24
3/3/2015 16:00,0,0,20.5,27,20,1,1,28
3/3/2015 17:00,0,0,20.5,23,22.0028,1,1,24
3/3/2015 18:00,0,0,20.5,25,16.9979,1,1,18
3/3/2015 19:00,0,0,18.86,33,7.0014,1,1,12
3/3/2015 20:00,0,0,18.04,30,5.9981,1,1,8
3/3/2015 21:00,0,0,18.86,19,22.0028,1,1,10
3/3/2015 22:00,0,0,18.04,21,5.9981,1,1,7
3/3/2015 23:00,0,0,17.22,24,0,1,1,3
3/4/2015 00:00,0,0,16.4,30,23.9994,1,2,15
3/4/2015 01:00,0,0,15.58,34,9.998,1,2,5
3/4/2015 02:00,0,0,14.76,40,7.0014,1,2,5
3/4/2015 03:00,0,0,14.76,43,5.9981,1,2,2
3/4/2015 04:00,0,0,13.94,46,9.998,1,2,2
3/4/2015 05:00,0,0,13.94,46,13.0013,1,2,1
3/4/2015 06:00,0,0,12.3,52,20,1,2,1
3/4/2015 07:00,0,0,12.3,52,20,1,2,2
3/4/2015 08:00,0,0,12.3,52,22.0028,1,1,5
3/4/2015 09:00,0,0,12.3,49,30.0026,1,1,8
3/4/2015 10:00,0,0,12.3,49,22.0028,1,1,12
3/4/2015 11:00,0,0,13.12,45,26.0027,1,1,16
3/4/2015 12:00,0,0,13.94,42,23.9994,1,1,15
3/4/2015 13:00,0,0,14.76,37,23.9994,1,1,15
3/4/2015 14:00,0,0,14.76,34,23.9994,1,1,15
3/4/2015 15:00,0,0,14.76,32,35.0008,1,1,24
3/4/2015 16:00,0,0,14.76,29,32.9975,1,1,20
3/4/2015 17:00,0,0,13.94,31,36.9974,1,1,22
3/4/2015 18:00,0,0,13.12,33,40.9973,1,1,27
3/4/2015 19:00,0,0,12.3,36,32.9975,1,1,10
3/4/2015 20:00,0,0,11.48,38,16.9979,1,1,6
3/4/2015 21:00,0,0,11.48,36,13.0013,1,1,5
3/4/2015 22:00,0,0,10.66,41,16.9979,1,1,5
3/4/2015 23:00,0,0,10.66,41,9.998,1,1,2
3/5/2015 00:00,0,1,9.84,44,9.998,1,1,2
3/5/2015 01:00,0,1,9.84,48,5.9981,1,1,1
3/5/2015 02:00,0,1,9.84,48,5.9981,1,1,1
3/5/2015 03:00,0,1,9.02,51,7.0014,1,1,1
3/5/2015 04:00,0,1,8.2,55,2.57,1,1,1
3/5/2015 05:00,0,1,8.2,55,2.57,1,1,1
3/5/2015 06:00,0,1,7.38,59,5.9981,1,1,5
3/5/2015 07:00,0,1,7.38,59,5.9981,1,1,13
3/5/2015 08:00,0,1,8.2,59,4.0015,1,1,19
3/5/2015 09:00,0,1,9.02,60,2.57,1,2,8
3/5/2015 10:00,0,1,9.84,60,0,1,2,2
3/5/2015 11:00,0,1,10.66,56,5.9981,1,2,6
3/5/2015 12:00,0,1,10.66,52,0,1,2,3
3/5/2015 13:00,0,1,10.66,55,20,1,2,8
3/5/2015 14:00,0,1,11.48,57,23.9994,1,2,15
3/5/2015 15:00,0,1,12.3,53,9.998,1,2,8
3/5/2015 16:00,0,1,12.3,45,20,1,1,13
3/5/2015 17:00,0,1,12.3,45,20,1,3,24
3/5/2015 18:00,0,1,11.48,55,43.9989,1,3,84
3/5/2015 19:00,0,1,10.66,53,13.0013,1,1,13
3/5/2015 20:00,0,1,10.66,37,31.0009,1,1,12
3/5/2015 21:00,0,1,10.66,37,26.0027,1,1,7
3/5/2015 22:00,0,1,9.84,35,22.0028,1,1,5
3/5/2015 23:00,0,1,9.02,37,39.0007,1,1,4
3/6/2015 00:00,0,1,9.02,37,20,1,1,1
3/6/2015 01:00,0,1,8.2,44,16.9979,1,1,1
3/6/2015 02:00,0,1,8.2,44,13.0013,1,1,1
3/6/2015 03:00,0,1,7.38,51,19.0012,1,1,1
3/6/2015 04:00,0,1,7.38,51,20,1,1,1
3/6/2015 05:00,0,1,7.38,51,13.0013,1,1,2
3/6/2015 06:00,0,1,7.38,51,4.0015,1,1,5
3/6/2015 07:00,0,1,6.56,55,5.9981,1,1,14
3/6/2015 08:00,0,1,6.56,59,4.0015,1,1,23
3/6/2015 09:00,0,1,9.02,47,0,1,1,5
3/6/2015 10:00,0,1,9.84,44,0,1,1,3
3/6/2015 11:00,0,1,10.66,41,7.0014,1,1,7
3/6/2015 12:00,0,1,10.66,41,4.0015,1,1,7
3/6/2015 13:00,0,1,12.3,39,5.9981,1,1,9
3/6/2015 14:00,0,1,13.12,36,13.0013,1,1,8
3/6/2015 15:00,0,1,13.94,36,20,1,1,11
3/6/2015 16:00,0,1,14.76,32,19.0012,1,1,15
3/6/2015 17:00,0,1,14.76,34,19.0012,1,1,27
3/6/2015 18:00,0,1,13.94,42,22.0028,1,1,28
3/6/2015 19:00,0,1,13.94,46,20,1,1,18
3/6/2015 20:00,0,1,13.12,49,9.998,1,1,11
3/6/2015 21:00,0,1,13.12,49,9.998,1,1,9
3/6/2015 22:00,0,1,11.48,56,7.0014,1,1,6
3/6/2015 23:00,0,1,11.48,61,13.0013,1,1,4
3/7/2015 00:00,0,1,11.48,65,19.0012,1,1,2
3/7/2015 01:00,0,1,12.3,61,20,1,1,1
3/7/2015 02:00,0,1,12.3,56,19.0012,1,1,1
3/7/2015 03:00,0,1,12.3,56,23.9994,1,1,15
3/7/2015 04:00,0,1,11.48,61,22.0028,1,1,1
3/7/2015 05:00,0,1,11.48,56,20,1,1,2
3/7/2015 06:00,0,1,11.48,61,26.0027,1,1,7
3/7/2015 07:00,0,1,10.66,65,26.0027,1,1,21
3/7/2015 08:00,0,1,11.48,61,20,1,1,34
3/7/2015 09:00,0,1,12.3,61,22.0028,1,1,17
3/7/2015 10:00,0,1,14.76,50,20,1,1,9
3/7/2015 11:00,0,1,17.22,38,20,1,1,11
3/7/2015 12:00,0,1,18.04,38,26.0027,1,1,13
3/7/2015 13:00,0,1,20.5,34,27.9993,1,1,14
3/7/2015 14:00,0,1,21.32,36,22.0028,1,1,11
3/7/2015 15:00,0,1,22.14,37,30.0026,1,1,14
3/7/2015 16:00,0,1,22.96,37,27.9993,1,1,18
3/7/2015 17:00,0,1,22.96,43,32.9975,1,1,41
3/7/2015 18:00,0,1,22.96,40,31.0009,1,1,36
3/7/2015 19:00,0,1,22.14,42,23.9994,1,1,15
3/7/2015 20:00,0,1,20.5,51,16.9979,1,1,16
3/7/2015 21:00,0,1,18.04,62,16.9979,1,1,12
3/7/2015 22:00,0,1,18.86,59,20,1,1,10
3/7/2015 23:00,0,1,18.04,62,22.0028,1,1,5
3/8/2015 00:00,0,1,18.04,62,22.0028,1,1,3
3/8/2015 01:00,0,1,18.86,63,22.0028,1,1,2
3/8/2015 02:00,0,1,18.86,63,26.0027,1,1,2
4/1/2015 00:00,0,0,14.76,76,16.9979,2,2,5
4/1/2015 01:00,0,0,14.76,76,7.0014,2,2,4
4/1/2015 02:00,0,0,14.76,76,7.0014,2,2,5
4/1/2015 03:00,0,0,13.94,81,5.9981,2,2,2
4/1/2015 04:00,0,0,13.94,81,2.57,2,2,1
4/1/2015 05:00,0,0,13.94,81,2.57,2,2,1
4/1/2015 06:00,0,0,14.76,76,5.9981,2,2,5
4/1/2015 07:00,0,0,14.76,71,5.9981,2,2,5
4/1/2015 08:00,0,0,14.76,76,2.57,2,2,6
4/1/2015 09:00,0,0,14.76,81,5.9981,2,2,14
4/1/2015 10:00,0,0,16.4,71,4.0015,2,2,16
4/1/2015 11:00,0,0,16.4,71,9.998,2,2,26
4/1/2015 12:00,0,0,17.22,67,13.0013,2,2,26
4/1/2015 13:00,0,0,18.04,62,9.998,2,2,27
4/1/2015 14:00,0,0,19.68,55,13.0013,2,2,32
4/1/2015 15:00,0,0,20.5,55,16.9979,2,1,34
4/1/2015 16:00,0,0,21.32,52,16.9979,2,1,31
4/1/2015 17:00,0,0,21.32,55,19.0012,2,1,34
4/1/2015 18:00,0,0,21.32,52,20,2,1,27
4/1/2015 19:00,0,0,21.32,55,13.0013,2,1,20
4/1/2015 20:00,0,0,20.5,59,13.0013,2,2,14
4/1/2015 21:00,0,0,20.5,59,7.0014,2,2,8
4/1/2015 22:00,0,0,20.5,63,4.0015,2,3,4
4/1/2015 23:00,0,0,18.86,72,0,2,3,2
4/2/2015 00:00,0,1,18.04,82,4.0015,2,3,1
4/2/2015 01:00,0,1,17.22,88,2.57,2,3,1
4/2/2015 02:00,0,1,18.04,94,5.9981,2,3,1
4/2/2015 04:00,0,1,16.4,76,32.9975,2,1,1
4/2/2015 05:00,0,1,16.4,76,32.9975,2,1,2
4/2/2015 06:00,0,1,14.76,71,31.0009,2,1,8
4/2/2015 07:00,0,1,13.94,66,26.0027,2,1,18
4/2/2015 08:00,0,1,14.76,57,22.0028,2,1,36
4/2/2015 09:00,0,1,15.58,54,23.9994,2,1,15
4/2/2015 10:00,0,1,16.4,50,35.0008,2,1,15
4/2/2015 11:00,0,1,17.22,47,30.0026,2,1,14
4/2/2015 12:00,0,1,18.04,44,30.0026,2,1,19
4/2/2015 13:00,0,1,18.86,36,20,2,1,18
4/2/2015 14:00,0,1,18.86,31,27.9993,2,1,17
4/2/2015 15:00,0,1,19.68,33,27.9993,2,1,21
4/2/2015 16:00,0,1,20.5,34,22.0028,2,1,24
4/2/2015 17:00,0,1,20.5,29,19.0012,2,1,44
4/2/2015 18:00,0,1,20.5,27,16.9979,2,1,36
4/2/2015 19:00,0,1,20.5,27,16.9979,2,1,29
4/2/2015 20:00,0,1,18.86,31,7.0014,2,1,18
4/2/2015 21:00,0,1,18.86,28,5.9981,2,1,12
4/2/2015 22:00,0,1,17.22,44,9.998,2,1,8
4/2/2015 23:00,0,1,18.04,35,7.0014,2,1,4
4/3/2015 00:00,0,1,16.4,43,5.9981,2,1,2
4/3/2015 01:00,0,1,15.58,46,13.0013,2,1,2
4/3/2015 02:00,0,1,14.76,53,7.0014,2,1,1
4/3/2015 03:00,0,1,15.58,46,0,2,1,1
4/3/2015 04:00,0,1,13.12,66,2.57,2,1,1
4/3/2015 05:00,0,1,13.12,66,2.57,2,1,2
4/3/2015 06:00,0,1,12.3,61,2.57,2,1,4
4/3/2015 07:00,0,1,13.12,66,2.57,2,1,14
4/3/2015 08:00,0,1,13.94,57,0,2,1,13
4/3/2015 09:00,0,1,17.22,38,2.57,2,1,17
4/3/2015 10:00,0,1,18.04,33,0,2,1,5
4/3/2015 11:00,0,1,19.68,23,0,2,1,6
4/3/2015 12:00,0,1,21.32,25,0,2,1,7
4/3/2015 13:00,0,1,22.96,19,16.9979,2,1,21
4/3/2015 14:00,0,1,22.96,21,13.0013,2,1,18
4/3/2015 15:00,0,1,24.6,20,9.998,2,1,18
4/3/2015 16:00,0,1,25.42,21,7.0014,2,1,26
4/3/2015 17:00,0,1,25.42,17,9.998,2,1,43
4/3/2015 18:00,0,1,24.6,26,7.0014,2,1,42
4/3/2015 19:00,0,1,22.96,26,4.0015,2,1,25
4/3/2015 20:00,0,1,22.96,24,5.9981,2,1,19
4/3/2015 21:00,0,1,22.14,45,0,2,1,5
4/3/2015 22:00,0,1,20.5,51,0,2,1,4
4/3/2015 23:00,0,1,20.5,59,0,2,1,2
4/4/2015 00:00,0,1,19.68,48,0,2,1,1
4/4/2015 01:00,0,1,18.86,59,0,2,1,1
4/4/2015 02:00,0,1,18.86,51,0,2,1,1
4/4/2015 03:00,0,1,18.04,58,2.57,2,1,1
4/4/2015 04:00,0,1,17.22,67,2.57,2,1,1
4/4/2015 05:00,0,1,17.22,67,2.57,2,1,2
4/4/2015 06:00,0,1,17.22,58,0,2,2,3
4/4/2015 07:00,0,1,18.04,62,0,2,2,8
4/4/2015 08:00,0,1,18.04,72,4.0015,2,2,31
4/4/2015 09:00,0,1,19.68,55,5.9981,2,2,19
4/4/2015 10:00,0,1,22.14,45,5.9981,2,2,9
4/4/2015 11:00,0,1,24.6,43,23.9994,2,2,15
4/4/2015 12:00,0,1,24.6,46,27.9993,2,2,18
4/4/2015 13:00,0,1,24.6,46,16.9979,2,2,16
4/4/2015 14:00,0,1,25.42,46,9.998,2,2,15
4/4/2015 15:00,0,1,26.24,44,19.0012,2,2,16
4/4/2015 16:00,0,1,26.24,44,19.0012,2,2,24
4/4/2015 17:00,0,1,27.06,41,20,2,1,45
4/4/2015 18:00,0,1,27.06,41,16.9979,2,1,45
4/4/2015 19:00,0,1,27.06,39,13.0013,2,1,28
4/4/2015 20:00,0,1,26.24,27,13.0013,2,1,22
4/4/2015 21:00,0,1,24.6,23,22.0028,2,1,18
4/4/2015 22:00,0,1,22.96,22,7.0014,2,1,10
4/4/2015 23:00,0,1,21.32,23,27.9993,2,1,9
4/5/2015 00:00,0,1,21.32,23,27.9993,2,1,4
4/5/2015 01:00,0,1,19.68,27,22.0028,2,1,2
4/5/2015 02:00,0,1,18.86,33,30.0026,2,1,2
4/5/2015 03:00,0,1,17.22,41,20,2,1,1
4/5/2015 04:00,0,1,15.58,43,19.0012,2,1,1
4/5/2015 05:00,0,1,15.58,43,19.0012,2,1,2
4/5/2015 06:00,0,1,14.76,46,22.0028,2,1,8
4/5/2015 07:00,0,1,13.94,49,9.998,2,1,21
4/5/2015 08:00,0,1,14.76,46,13.0013,2,1,36
4/5/2015 09:00,0,1,16.4,37,16.9979,2,1,21
4/5/2015 10:00,0,1,17.22,35,19.0012,2,1,15
4/5/2015 11:00,0,1,17.22,38,13.0013,2,2,16
4/5/2015 12:00,0,1,18.04,33,0,2,1,6
4/5/2015 13:00,0,1,18.86,31,0,2,1,6
4/5/2015 14:00,0,1,18.86,33,7.0014,2,1,16
4/5/2015 15:00,0,1,20.5,31,4.0015,2,1,12
4/5/2015 16:00,0,1,20.5,31,9.998,2,1,23
4/5/2015 17:00,0,1,20.5,31,7.0014,2,1,44
4/5/2015 18:00,0,1,20.5,31,4.0015,2,1,31
4/5/2015 19:00,0,1,19.68,31,16.9979,2,1,29
4/5/2015 20:00,0,1,18.04,41,9.998,2,1,18
4/5/2015 21:00,0,1,17.22,47,9.998,2,1,14
4/5/2015 22:00,0,1,16.4,47,9.998,2,1,9
4/5/2015 23:00,0,1,16.4,50,5.9981,2,1,7
4/6/2015 00:00,0,1,16.4,43,0,2,1,2
4/6/2015 01:00,0,1,14.76,62,5.9981,2,1,2
4/6/2015 02:00,0,1,14.76,50,26.0027,2,1,2
4/6/2015 03:00,0,1,13.94,53,22.0028,2,1,1
4/6/2015 04:00,0,1,13.94,49,16.9979,2,1,1
4/6/2015 05:00,0,1,13.12,53,22.0028,2,1,2
4/6/2015 06:00,0,1,12.3,49,26.0027,2,1,5
4/6/2015 07:00,0,1,12.3,49,19.0012,2,1,15
4/6/2015 08:00,0,1,12.3,49,22.0028,2,1,31
4/6/2015 09:00,0,1,13.94,42,22.0028,2,1,23
4/6/2015 10:00,0,1,14.76,40,22.0028,2,1,15
4/6/2015 11:00,0,1,16.4,37,20,2,1,18
4/6/2015 12:00,0,1,17.22,35,20,2,1,21
4/6/2015 13:00,0,1,18.04,33,22.0028,2,1,26
4/6/2015 14:00,0,1,19.68,29,26.0027,2,1,29
4/6/2015 15:00,0,1,20.5,27,19.0012,2,1,32
4/6/2015 16:00,0,1,20.5,22,27.9993,2,1,34
4/6/2015 17:00,0,1,21.32,23,27.9993,2,1,41
4/6/2015 18:00,0,1,20.5,22,31.0009,2,1,32
4/6/2015 19:00,0,1,19.68,23,20,2,1,25
4/6/2015 20:00,0,1,18.86,24,19.0012,2,1,16
4/6/2015 21:00,0,1,18.04,26,5.9981,2,1,10
4/6/2015 22:00,0,1,16.4,35,13.0013,2,1,9
4/6/2015 23:00,0,1,17.22,30,19.0012,2,1,8
4/7/2015 00:00,0,0,17.22,26,20,2,1,6
4/7/2015 01:00,0,0,16.4,28,16.9979,2,1,5
4/7/2015 02:00,0,0,14.76,29,23.9994,2,1,15
4/7/2015 03:00,0,0,14.76,32,16.9979,2,1,2
4/7/2015 04:00,0,0,13.12,36,7.0014,2,1,1
4/7/2015 05:00,0,0,13.12,33,7.0014,2,1,1
4/7/2015 06:00,0,0,13.12,36,9.998,2,1,2
4/7/2015 07:00,0,0,13.12,33,19.0012,2,1,4
4/7/2015 08:00,0,0,13.94,34,16.9979,2,1,8
4/7/2015 09:00,0,0,16.4,30,16.9979,2,1,17
4/7/2015 10:00,0,0,17.22,28,16.9979,2,1,22
4/7/2015 11:00,0,0,18.04,24,20,2,1,30
4/7/2015 12:00,0,0,18.86,23,26.0027,2,1,35
4/7/2015 13:00,0,0,20.5,22,9.998,2,1,37
4/7/2015 14:00,0,0,20.5,22,20,2,1,35
4/7/2015 15:00,0,0,21.32,19,27.9993,2,1,40
4/7/2015 16:00,0,0,22.14,19,26.0027,2,1,36
4/7/2015 17:00,0,0,22.14,19,27.9993,2,1,36
4/7/2015 18:00,0,0,22.14,18,20,2,1,31
4/7/2015 19:00,0,0,22.14,16,22.0028,2,1,26
4/7/2015 20:00,0,0,20.5,20,13.0013,2,1,12
4/7/2015 21:00,0,0,20.5,20,9.998,2,1,14
4/7/2015 22:00,0,0,19.68,20,9.998,2,1,11
4/7/2015 23:00,0,0,18.86,23,13.0013,2,1,7
4/8/2015 00:00,0,0,18.04,24,13.0013,2,1,6
4/8/2015 01:00,0,0,18.04,24,13.0013,2,1,4
4/8/2015 02:00,0,0,18.04,24,13.0013,2,1,3
4/8/2015 03:00,0,0,17.22,26,5.9981,2,1,2
4/8/2015 04:00,0,0,16.4,40,0,2,1,1
4/8/2015 05:00,0,0,15.58,46,0,2,1,1
4/8/2015 06:00,0,0,14.76,37,0,2,1,1
4/8/2015 07:00,0,0,15.58,27,7.0014,2,1,3
4/8/2015 08:00,0,0,16.4,30,9.998,2,1,6
4/8/2015 09:00,0,0,18.04,26,13.0013,2,1,11
4/8/2015 10:00,0,0,20.5,25,13.0013,2,1,17
4/8/2015 11:00,0,0,20.5,25,19.0012,2,1,25
4/8/2015 12:00,0,0,22.14,24,16.9979,2,1,27
4/8/2015 13:00,0,0,23.78,23,7.0014,2,1,26
4/8/2015 14:00,0,0,24.6,18,30.0026,2,1,32
4/8/2015 15:00,0,0,25.42,17,23.9994,2,1,15
4/8/2015 16:00,0,0,26.24,19,22.0028,2,1,29
4/8/2015 17:00,0,0,25.42,22,20,2,1,25
4/8/2015 18:00,0,0,25.42,25,22.0028,2,1,19
4/8/2015 19:00,0,0,24.6,23,26.0027,2,1,17
4/8/2015 20:00,0,0,22.96,28,27.9993,2,1,14
4/8/2015 21:00,0,0,21.32,34,13.0013,2,1,8
4/8/2015 22:00,0,0,20.5,36,13.0013,2,1,7
5/1/2015 00:00,0,1,20.5,59,9.998,2,2,3
5/1/2015 01:00,0,1,20.5,63,5.9981,2,2,2
5/1/2015 02:00,0,1,20.5,72,2.57,2,2,1
5/1/2015 03:00,0,1,20.5,77,0,2,2,1
5/1/2015 04:00,0,1,21.32,72,2.57,2,2,1
5/1/2015 05:00,0,1,21.32,72,2.57,2,2,1
5/1/2015 06:00,0,1,21.32,77,4.0015,2,3,2
5/1/2015 07:00,0,1,20.5,94,16.9979,2,2,10
5/1/2015 08:00,0,1,21.32,94,19.0012,2,2,34
5/1/2015 09:00,0,1,22.14,88,9.998,2,2,20
5/1/2015 10:00,0,1,25.42,78,16.9979,2,1,11
5/1/2015 11:00,0,1,27.06,65,19.0012,2,2,14
5/1/2015 12:00,0,1,28.7,58,13.0013,2,2,16
5/1/2015 13:00,0,1,29.52,51,13.0013,2,2,14
5/1/2015 14:00,0,1,30.34,48,16.9979,2,2,13
5/1/2015 15:00,0,1,30.34,45,13.0013,2,2,14
5/1/2015 16:00,0,1,30.34,45,9.998,2,1,21
5/1/2015 17:00,0,1,30.34,48,2.57,2,1,28
5/1/2015 18:00,0,1,28.7,54,5.9981,2,1,38
5/1/2015 19:00,0,1,28.7,54,5.9981,2,1,25
5/1/2015 20:00,0,1,27.06,61,7.0014,2,1,18
5/1/2015 21:00,0,1,26.24,65,5.9981,2,1,15
5/1/2015 22:00,0,1,26.24,65,0,2,1,5
5/1/2015 23:00,0,1,24.6,78,0,2,1,2
5/2/2015 00:00,0,1,24.6,78,4.0015,2,1,3
5/2/2015 01:00,0,1,22.96,83,0,2,1,1
5/2/2015 02:00,0,1,22.96,83,0,2,1,1
5/2/2015 03:00,0,1,22.96,83,2.57,2,1,1
5/2/2015 04:00,0,1,22.14,88,0,2,1,1
5/2/2015 05:00,0,1,22.14,90,5.9981,2,1,2
5/2/2015 06:00,0,1,22.96,84,0,2,3,3
5/2/2015 07:00,0,1,22.14,88,9.998,2,2,21
5/2/2015 08:00,0,1,22.96,88,0,2,2,14
5/2/2015 09:00,0,1,22.96,88,0,2,2,7
5/2/2015 10:00,0,1,23.78,83,4.0015,2,2,8
5/2/2015 11:00,0,1,23.78,81,5.9981,2,2,10
5/2/2015 12:00,0,1,23.78,83,13.0013,2,2,14
5/2/2015 13:00,0,1,23.78,78,9.998,2,2,13
5/2/2015 14:00,0,1,25.42,69,2.57,2,1,10
5/2/2015 15:00,0,1,26.24,65,9.998,2,1,15
5/2/2015 16:00,0,1,26.24,65,7.0014,2,1,20
5/2/2015 17:00,0,1,24.6,73,16.9979,2,1,43
5/2/2015 18:00,0,1,22.96,73,13.0013,2,1,46
5/2/2015 19:00,0,1,22.14,77,16.9979,2,1,30
5/2/2015 20:00,0,1,21.32,77,16.9979,2,1,20
5/2/2015 21:00,0,1,21.32,77,13.0013,2,1,14
5/2/2015 22:00,0,1,20.5,82,13.0013,2,1,11
5/2/2015 23:00,0,1,20.5,77,16.9979,2,2,6
5/3/2015 00:00,0,1,19.68,82,13.0013,2,2,6
5/3/2015 01:00,0,1,18.86,88,4.0015,2,2,2
5/3/2015 02:00,0,1,18.86,88,5.9981,2,2,1
5/3/2015 03:00,0,1,18.86,88,0,2,2,1
5/3/2015 04:00,0,1,18.86,88,16.9979,2,2,1
5/3/2015 05:00,0,1,18.86,88,16.9979,2,2,2
5/3/2015 06:00,0,1,18.86,88,7.0014,2,2,8
5/3/2015 07:00,0,1,18.04,94,4.0015,2,3,18
5/3/2015 08:00,0,1,18.86,88,9.998,2,3,36
5/3/2015 09:00,0,1,19.68,88,4.0015,2,2,14
5/3/2015 10:00,0,1,21.32,77,0,2,2,4
5/3/2015 11:00,0,1,22.14,77,0,2,1,5
5/3/2015 12:00,0,1,22.96,73,5.9981,2,1,16
5/3/2015 13:00,0,1,24.6,69,9.998,2,1,16
5/3/2015 14:00,0,1,26.24,65,9.998,2,1,12
5/3/2015 15:00,0,1,27.06,61,9.998,2,1,17
5/3/2015 16:00,0,1,27.88,57,7.0014,2,1,20
5/3/2015 17:00,0,1,29.52,54,5.9981,2,1,36
5/3/2015 18:00,0,1,29.52,58,5.9981,2,1,36
5/3/2015 19:00,0,1,28.7,61,9.998,2,1,30
5/3/2015 20:00,0,1,26.24,73,9.998,2,1,24
5/3/2015 21:00,0,1,25.42,78,5.9981,2,1,15
5/3/2015 22:00,0,1,25.42,78,0,2,1,5
5/3/2015 23:00,0,1,24.6,83,0,2,1,3
5/4/2015 00:00,0,1,24.6,78,22.0028,2,1,6
5/4/2015 01:00,0,1,24.6,78,4.0015,2,1,3
5/4/2015 02:00,0,1,23.78,83,5.9981,2,1,1
5/4/2015 03:00,0,1,22.96,88,13.0013,2,1,2
5/4/2015 04:00,0,1,22.96,88,9.998,2,1,1
5/4/2015 05:00,0,1,22.96,88,9.998,2,1,2
5/4/2015 06:00,0,1,22.14,94,4.0015,2,1,7
5/4/2015 07:00,0,1,22.96,88,0,2,1,8
5/4/2015 08:00,0,1,22.96,88,0,2,1,13
5/4/2015 09:00,0,1,24.6,78,0,2,1,6
5/4/2015 10:00,0,1,25.42,73,5.9981,2,2,10
5/4/2015 11:00,0,1,28.7,61,0,2,2,6
5/4/2015 12:00,0,1,25.42,78,23.9994,2,3,15
5/4/2015 13:00,0,1,26.24,73,0,2,2,6
5/4/2015 14:00,0,1,27.06,74,19.0012,2,2,15
5/4/2015 15:00,0,1,29.52,62,4.0015,2,2,16
5/4/2015 16:00,0,1,31.16,48,7.0014,2,1,23
5/4/2015 17:00,0,1,28.7,54,31.0009,2,1,42
5/4/2015 18:00,0,1,28.7,54,31.0009,2,1,42
5/4/2015 19:00,0,1,28.7,51,5.9981,2,1,23
5/4/2015 20:00,0,1,27.88,51,4.0015,2,1,15
5/4/2015 21:00,0,1,26.24,69,9.998,2,1,14
5/4/2015 22:00,0,1,24.6,83,5.9981,2,1,12
5/4/2015 23:00,0,1,24.6,83,2.57,2,1,11
5/5/2015 00:00,0,0,24.6,83,0,2,1,4
5/5/2015 01:00,0,0,24.6,83,0,2,1,3
5/5/2015 02:00,0,0,23.78,88,0,2,1,2
5/5/2015 03:00,0,0,23.78,83,0,2,1,1
5/5/2015 04:00,0,0,22.96,88,4.0015,2,1,1
5/5/2015 05:00,0,0,22.96,88,2.57,2,1,2
5/5/2015 06:00,0,0,22.14,94,0,2,2,1
5/5/2015 07:00,0,0,22.96,88,0,2,1,2
5/5/2015 08:00,0,0,23.78,83,2.57,2,1,8
5/5/2015 09:00,0,0,25.42,78,4.0015,2,1,13
5/5/2015 10:00,0,0,27.06,65,5.9981,2,1,22
5/5/2015 11:00,0,0,28.7,58,2.57,2,1,24
5/5/2015 12:00,0,0,29.52,58,4.0015,2,1,25
5/5/2015 13:00,0,0,30.34,55,5.9981,2,1,27
5/5/2015 14:00,0,0,28.7,61,20,2,3,26
5/5/2015 15:00,0,0,27.06,74,9.998,2,3,31
5/5/2015 16:00,0,0,27.88,65,26.0027,2,2,32
5/5/2015 17:00,0,0,27.88,65,20,2,2,31
5/5/2015 18:00,0,0,27.06,69,23.9994,2,2,15
5/5/2015 19:00,0,0,25.42,73,22.0028,2,2,25
5/5/2015 20:00,0,0,24.6,78,16.9979,2,1,18
5/5/2015 21:00,0,0,23.78,78,13.0013,2,2,16
5/5/2015 22:00,0,0,23.78,78,9.998,2,2,13
5/5/2015 23:00,0,0,22.96,83,19.0012,2,2,9
5/6/2015 00:00,0,0,22.96,83,5.9981,2,2,7
5/6/2015 01:00,0,0,22.14,83,13.0013,2,2,8
5/6/2015 02:00,0,0,22.14,83,19.0012,2,2,6
5/6/2015 03:00,0,0,22.14,83,9.998,2,2,2
5/6/2015 04:00,0,0,21.32,83,7.0014,2,3,2
5/6/2015 05:00,0,0,21.32,83,7.0014,2,3,2
5/6/2015 06:00,0,0,21.32,83,13.0013,2,3,2
5/6/2015 07:00,0,0,21.32,83,7.0014,2,3,3
5/6/2015 08:00,0,0,20.5,88,5.9981,2,2,6
5/6/2015 09:00,0,0,21.32,83,7.0014,2,2,11
5/6/2015 10:00,0,0,22.14,77,4.0015,2,2,15
5/6/2015 11:00,0,0,22.96,73,4.0015,2,1,19
5/6/2015 12:00,0,0,24.6,64,2.57,2,2,23
5/6/2015 13:00,0,0,24.6,64,0,2,2,12
5/6/2015 14:00,0,0,24.6,64,4.0015,2,2,23
5/6/2015 15:00,0,0,25.42,61,4.0015,2,2,26
5/6/2015 16:00,0,0,25.42,61,0,2,2,11
5/6/2015 17:00,0,0,25.42,65,5.9981,2,2,26
5/6/2015 18:00,0,0,25.42,61,9.998,2,2,27
5/6/2015 19:00,0,0,24.6,64,7.0014,2,2,21
5/6/2015 20:00,0,0,24.6,64,9.998,2,1,16
5/6/2015 21:00,0,0,22.96,73,9.998,2,1,12
5/6/2015 22:00,0,0,22.96,73,7.0014,2,1,9
5/6/2015 23:00,0,0,21.32,77,9.998,2,1,7
5/7/2015 00:00,0,1,21.32,77,5.9981,2,2,2
5/7/2015 01:00,0,1,21.32,77,9.998,2,2,1
5/7/2015 02:00,0,1,20.5,77,9.998,2,1,1
5/7/2015 03:00,0,1,20.5,77,9.998,2,1,1
5/7/2015 04:00,0,1,18.86,88,5.9981,2,2,1
5/7/2015 05:00,0,1,18.86,88,4.0015,2,1,2
5/7/2015 06:00,0,1,18.86,88,4.0015,2,1,7
5/7/2015 07:00,0,1,19.68,82,4.0015,2,2,18
5/7/2015 08:00,0,1,20.5,82,9.998,2,2,36
5/7/2015 09:00,0,1,20.5,82,13.0013,2,2,20
5/7/2015 10:00,0,1,21.32,77,9.998,2,2,11
5/7/2015 11:00,0,1,22.14,73,9.998,2,2,13
5/7/2015 12:00,0,1,22.96,68,13.0013,2,2,16
5/7/2015 13:00,0,1,24.6,53,22.0028,2,2,17
5/7/2015 14:00,0,1,25.42,50,23.9994,2,2,15
5/7/2015 15:00,0,1,25.42,53,20,2,2,17
5/7/2015 16:00,0,1,24.6,53,26.0027,2,2,23
5/7/2015 17:00,0,1,24.6,53,22.0028,2,2,47
5/7/2015 18:00,0,1,24.6,53,23.9994,2,2,15
5/7/2015 19:00,0,1,23.78,56,22.0028,2,1,33
5/7/2015 20:00,0,1,22.14,52,19.0012,2,1,20
5/7/2015 21:00,0,1,22.14,45,13.0013,2,2,14
5/7/2015 22:00,0,1,22.14,45,16.9979,2,2,11
5/7/2015 23:00,0,1,22.14,45,9.998,2,2,7
6/1/2015 00:00,0,1,27.06,50,16.9979,2,1,6
6/1/2015 01:00,0,1,26.24,53,13.0013,2,1,3
6/1/2015 02:00,0,1,26.24,57,13.0013,2,1,2
6/1/2015 03:00,0,1,25.42,73,2.57,2,2,1
6/1/2015 04:00,0,1,25.42,73,2.57,2,2,1
6/1/2015 05:00,0,1,25.42,78,2.57,2,2,2
6/1/2015 06:00,0,1,25.42,88,5.9981,2,3,8
6/1/2015 07:00,0,1,26.24,89,9.998,2,2,23
6/1/2015 08:00,0,1,26.24,89,9.998,2,2,40
6/1/2015 09:00,0,1,26.24,83,13.0013,2,2,17
6/1/2015 10:00,0,1,27.06,78,19.0012,2,2,13
6/1/2015 11:00,0,1,28.7,74,19.0012,2,2,15
6/1/2015 12:00,0,1,28.7,74,23.9994,2,2,15
6/1/2015 13:00,0,1,29.52,70,20,2,1,20
6/1/2015 14:00,0,1,29.52,66,19.0012,2,3,16
6/1/2015 15:00,0,1,29.52,66,19.0012,2,3,16
6/1/2015 16:00,0,1,30.34,58,30.0026,2,3,15
6/1/2015 17:00,0,1,28.7,70,16.9979,2,3,14
6/1/2015 18:00,0,1,25.42,88,23.9994,2,3,15
6/1/2015 19:00,0,1,25.42,88,23.9994,2,3,15
6/1/2015 20:00,0,1,25.42,94,16.9979,2,3,3
6/1/2015 21:00,0,1,26.24,78,16.9979,2,3,6
6/1/2015 22:00,0,1,24.6,88,5.9981,2,3,2
6/1/2015 23:00,0,1,24.6,88,5.9981,2,3,4
6/2/2015 00:00,0,0,22.96,83,5.9981,2,2,5
6/2/2015 01:00,0,0,22.96,83,4.0015,2,2,4
6/2/2015 02:00,0,0,22.14,88,0,2,2,1
6/2/2015 03:00,0,0,22.96,73,16.9979,2,1,2
6/2/2015 04:00,0,0,22.14,68,19.0012,2,1,2
6/2/2015 05:00,0,0,20.5,72,9.998,2,1,2
6/2/2015 06:00,0,0,20.5,77,9.998,2,2,3
6/2/2015 07:00,0,0,21.32,72,4.0015,2,1,4
6/2/2015 08:00,0,0,22.14,64,7.0014,2,1,11
6/2/2015 09:00,0,0,22.96,60,16.9979,2,1,20
6/2/2015 10:00,0,0,24.6,53,20,2,1,30
6/2/2015 11:00,0,0,23.78,46,19.0012,2,1,32
6/2/2015 12:00,0,0,25.42,43,23.9994,2,1,15
6/2/2015 13:00,0,0,25.42,41,16.9979,2,1,40
6/2/2015 14:00,0,0,26.24,38,20,2,1,39
6/2/2015 15:00,0,0,26.24,38,16.9979,2,1,42
6/2/2015 16:00,0,0,26.24,38,16.9979,2,1,38
6/2/2015 17:00,0,0,26.24,36,0,2,1,12
6/2/2015 18:00,0,0,26.24,36,0,2,1,11
6/2/2015 19:00,0,0,26.24,36,7.0014,2,1,30
6/2/2015 20:00,0,0,25.42,35,19.0012,2,1,24
6/2/2015 21:00,0,0,24.6,40,4.0015,2,1,15
6/2/2015 22:00,0,0,23.78,46,5.9981,2,1,12
6/2/2015 23:00,0,0,22.96,52,4.0015,2,1,11
6/3/2015 00:00,0,0,22.14,60,7.0014,2,1,9
6/3/2015 01:00,0,0,22.14,56,5.9981,2,1,7
6/3/2015 02:00,0,0,21.32,59,4.0015,2,1,4
6/3/2015 03:00,0,0,21.32,63,4.0015,2,1,3
6/3/2015 04:00,0,0,20.5,72,2.57,2,1,1
6/3/2015 05:00,0,0,20.5,68,0,2,1,1
6/3/2015 06:00,0,0,18.86,82,4.0015,2,1,2
6/3/2015 07:00,0,0,20.5,68,4.0015,2,1,2
6/3/2015 08:00,0,0,22.14,60,2.57,2,1,6
6/3/2015 09:00,0,0,24.6,46,9.998,2,1,17
6/3/2015 10:00,0,0,25.42,43,13.0013,2,1,23
6/3/2015 11:00,0,0,26.24,41,16.9979,2,1,31
6/3/2015 12:00,0,0,27.06,39,20,2,1,41
6/3/2015 13:00,0,0,27.88,36,19.0012,2,1,41
6/3/2015 14:00,0,0,27.88,36,22.0028,2,1,41
6/3/2015 15:00,0,0,28.7,34,0,2,1,13
6/3/2015 16:00,0,0,28.7,34,20,2,1,40
6/3/2015 17:00,0,0,28.7,34,16.9979,2,1,34
6/3/2015 18:00,0,0,28.7,34,16.9979,2,1,29
6/3/2015 19:00,0,0,27.88,34,19.0012,2,1,28
6/3/2015 20:00,0,0,27.06,39,9.998,2,1,18
6/3/2015 21:00,0,0,25.42,43,7.0014,2,1,13
6/3/2015 22:00,0,0,25.42,50,26.0027,2,1,14
6/3/2015 23:00,0,0,23.78,53,4.0015,2,1,5
6/4/2015 00:00,0,1,23.78,53,0,2,1,1
6/4/2015 01:00,0,1,22.96,60,7.0014,2,3,2
6/4/2015 02:00,0,1,22.96,60,13.0013,2,1,2
6/4/2015 03:00,0,1,22.96,60,7.0014,2,2,1
6/4/2015 04:00,0,1,22.14,64,2.57,2,1,1
6/4/2015 05:00,0,1,21.32,68,0,2,1,1
6/4/2015 06:00,0,1,21.32,68,0,2,1,3
6/4/2015 07:00,0,1,22.96,60,13.0013,2,1,30
6/4/2015 08:00,0,1,24.6,49,13.0013,2,1,38
6/4/2015 09:00,0,1,25.42,43,19.0012,2,1,18
6/4/2015 10:00,0,1,26.24,41,31.0009,2,1,13
6/4/2015 11:00,0,1,26.24,38,32.9975,2,1,16
6/4/2015 12:00,0,1,26.24,41,30.0026,2,1,19
6/4/2015 13:00,0,1,26.24,41,23.9994,2,1,15
6/4/2015 14:00,0,1,25.42,41,32.9975,2,1,18
6/4/2015 15:00,0,1,27.06,39,20,2,1,18
6/4/2015 16:00,0,1,27.06,39,31.0009,2,1,29
6/4/2015 17:00,0,1,26.24,38,30.0026,2,1,53
6/4/2015 18:00,0,1,26.24,38,26.0027,2,1,49
6/4/2015 19:00,0,1,25.42,38,27.9993,2,1,41
6/4/2015 20:00,0,1,24.6,40,23.9994,2,1,15
6/4/2015 21:00,0,1,23.78,49,16.9979,2,1,16
6/4/2015 22:00,0,1,22.96,52,19.0012,2,1,11
6/4/2015 23:00,0,1,23.78,49,20,2,1,6
6/5/2015 00:00,0,1,22.14,68,27.9993,2,1,3
6/5/2015 01:00,0,1,21.32,77,22.0028,2,2,2
6/5/2015 02:00,0,1,21.32,72,20,2,3,1
6/5/2015 03:00,0,1,20.5,82,9.998,2,3,1
6/5/2015 04:00,0,1,20.5,82,9.998,2,3,1
6/5/2015 05:00,0,1,19.68,82,7.0014,2,3,3
6/5/2015 06:00,0,1,19.68,82,16.9979,2,1,12
6/5/2015 07:00,0,1,19.68,77,20,2,1,34
6/5/2015 08:00,0,1,19.68,77,13.0013,2,2,40
6/5/2015 09:00,0,1,21.32,72,16.9979,2,2,20
6/5/2015 10:00,0,1,21.32,63,20,2,2,11
6/5/2015 11:00,0,1,22.96,56,9.998,2,2,13
6/5/2015 12:00,0,1,22.14,56,13.0013,2,2,14
6/5/2015 13:00,0,1,24.6,46,7.0014,2,2,15
6/5/2015 14:00,0,1,23.78,46,7.0014,2,2,15
6/5/2015 15:00,0,1,23.78,46,5.9981,2,2,14
6/5/2015 16:00,0,1,24.6,43,9.998,2,1,27
6/5/2015 17:00,0,1,24.6,43,0,2,1,17
6/5/2015 18:00,0,1,24.6,43,9.998,2,1,45
6/5/2015 19:00,0,1,23.78,46,16.9979,2,1,31
6/5/2015 20:00,0,1,22.96,49,13.0013,2,1,24
6/5/2015 21:00,0,1,22.14,56,7.0014,2,1,16
6/5/2015 22:00,0,1,22.96,52,4.0015,2,1,9
6/5/2015 23:00,0,1,22.14,56,2.57,2,1,5
6/6/2015 00:00,0,1,21.32,59,2.57,2,1,2
6/6/2015 01:00,0,1,21.32,68,0,2,1,1
6/6/2015 02:00,0,1,20.5,68,0,2,1,1
6/6/2015 03:00,0,1,18.86,82,0,2,1,1
6/6/2015 04:00,0,1,18.86,82,4.0015,2,1,1
6/6/2015 05:00,0,1,19.68,77,0,2,1,1
6/6/2015 06:00,0,1,19.68,77,0,2,1,4
6/6/2015 07:00,0,1,20.5,72,0,2,1,11
6/6/2015 08:00,0,1,22.14,68,0,2,1,14
6/6/2015 09:00,0,1,22.96,60,2.57,2,1,13
6/6/2015 10:00,0,1,24.6,46,2.57,2,1,9
6/6/2015 11:00,0,1,25.42,43,2.57,2,1,10
6/6/2015 12:00,0,1,25.42,38,0,2,1,7
6/6/2015 13:00,0,1,25.42,41,2.57,2,1,13
6/6/2015 14:00,0,1,26.24,38,0,2,1,7
6/6/2015 15:00,0,1,26.24,38,0,2,1,6
6/6/2015 16:00,0,1,26.24,41,5.9981,2,1,23
6/6/2015 17:00,0,1,25.42,43,5.9981,2,1,37
6/6/2015 18:00,0,1,24.6,53,9.998,2,3,45
6/6/2015 19:00,0,1,22.96,73,20,2,1,33
6/6/2015 20:00,0,1,22.14,73,19.0012,2,1,25
6/6/2015 21:00,0,1,22.14,73,7.0014,2,1,16
6/6/2015 22:00,0,1,21.32,77,2.57,2,1,10
6/6/2015 23:00,0,1,21.32,77,0,2,1,3
6/7/2015 00:00,0,1,21.32,77,5.9981,2,1,3
6/7/2015 01:00,0,1,21.32,77,7.0014,2,1,2
6/7/2015 02:00,0,1,21.32,77,2.57,2,1,1
6/7/2015 03:00,0,1,20.5,77,4.0015,2,1,1
6/7/2015 04:00,0,1,18.86,88,4.0015,2,1,1
6/7/2015 05:00,0,1,19.68,82,2.57,2,1,2
6/7/2015 06:00,0,1,18.86,88,4.0015,2,1,8
6/7/2015 07:00,0,1,20.5,82,7.0014,2,1,28
6/7/2015 08:00,0,1,21.32,77,0,2,1,14
6/7/2015 09:00,0,1,23.78,68,0,2,1,7
6/7/2015 10:00,0,1,24.6,64,2.57,2,1,9
6/7/2015 11:00,0,1,27.06,47,13.0013,2,1,14
6/7/2015 12:00,0,1,28.7,42,0,2,1,7
6/7/2015 13:00,0,1,28.7,37,19.0012,2,1,19
6/7/2015 14:00,0,1,29.52,37,16.9979,2,1,16
6/7/2015 15:00,0,1,30.34,30,0,2,1,7
6/7/2015 16:00,0,1,29.52,34,13.0013,2,1,27
6/7/2015 17:00,0,1,29.52,34,16.9979,2,1,51
6/7/2015 18:00,0,1,28.7,34,19.0012,2,1,49
6/7/2015 19:00,0,1,28.7,34,19.0012,2,1,36
6/7/2015 20:00,0,1,27.06,36,20,2,1,29
6/7/2015 21:00,0,1,25.42,41,22.0028,2,1,20
6/7/2015 22:00,0,1,24.6,46,7.0014,2,1,12
6/7/2015 23:00,0,1,22.96,52,5.9981,2,1,9
6/8/2015 00:00,0,1,22.96,56,7.0014,2,1,5
6/8/2015 01:00,0,1,22.96,56,7.0014,2,1,2
6/8/2015 02:00,0,1,22.96,56,0,2,1,1
6/8/2015 03:00,0,1,22.14,60,2.57,2,1,1
6/8/2015 04:00,0,1,21.32,63,0,2,1,1
6/8/2015 05:00,0,1,20.5,72,4.0015,2,1,2
6/8/2015 06:00,0,1,21.32,68,2.57,2,1,6
6/8/2015 07:00,0,1,21.32,72,4.0015,2,1,19
6/8/2015 08:00,0,1,23.78,60,2.57,2,1,28
6/8/2015 09:00,0,1,25.42,53,7.0014,2,1,21
6/8/2015 10:00,0,1,27.06,47,16.9979,2,1,15
6/8/2015 11:00,0,1,28.7,42,16.9979,2,1,16
6/8/2015 12:00,0,1,29.52,39,22.0028,2,1,23
6/8/2015 13:00,0,1,30.34,37,16.9979,2,1,25
6/8/2015 14:00,0,1,31.16,31,26.0027,2,1,23
6/8/2015 15:00,0,1,31.16,29,19.0012,2,1,24
6/8/2015 16:00,0,1,31.16,29,20,2,1,32
6/8/2015 17:00,0,1,31.16,29,9.998,2,1,45
6/8/2015 18:00,0,1,31.16,27,13.0013,2,1,41
6/8/2015 19:00,0,1,30.34,30,13.0013,2,1,32
6/8/2015 20:00,0,1,29.52,32,5.9981,2,1,21
6/8/2015 21:00,0,1,28.7,37,5.9981,2,1,17
6/8/2015 22:00,0,1,27.88,41,4.0015,2,1,14
6/8/2015 23:00,0,1,26.24,57,7.0014,2,1,12
7/1/2015 00:00,0,0,31.16,66,0,3,1,1
7/1/2015 01:00,0,0,30.34,70,5.9981,3,1,1
7/1/2015 02:00,0,0,29.52,74,2.57,3,1,1
7/1/2015 03:00,0,0,29.52,84,5.9981,3,1,1
7/1/2015 04:00,0,0,28.7,79,9.998,3,1,1
7/1/2015 05:00,0,0,27.88,79,4.0015,3,1,2
7/1/2015 06:00,0,0,28.7,79,2.57,3,1,7
7/1/2015 07:00,0,0,30.34,70,0,3,1,10
7/1/2015 08:00,0,0,31.98,62,4.0015,3,1,35
7/1/2015 09:00,0,0,33.62,56,0,3,1,7
7/1/2015 10:00,0,0,35.26,44,20,3,1,11
7/1/2015 11:00,0,0,36.08,39,13.0013,3,1,16
7/1/2015 12:00,0,0,36.9,37,13.0013,3,1,19
7/1/2015 13:00,0,0,37.72,33,16.9979,3,1,18
7/1/2015 14:00,0,0,37.72,33,16.9979,3,1,15
7/1/2015 15:00,0,0,36.9,37,19.0012,3,1,20
7/1/2015 16:00,0,0,37.72,33,20,3,1,28
7/1/2015 17:00,0,0,37.72,26,20,3,1,52
7/1/2015 18:00,0,0,36.08,32,23.9994,3,1,15
7/1/2015 19:00,0,0,34.44,39,5.9981,3,1,26
7/1/2015 20:00,0,0,34.44,39,5.9981,3,1,14
7/1/2015 21:00,0,0,34.44,39,5.9981,3,1,11
7/1/2015 22:00,0,0,33.62,43,5.9981,3,1,11
7/1/2015 23:00,0,0,31.98,52,7.0014,3,3,6
7/2/2015 00:00,0,1,31.16,58,13.0013,3,2,3
7/2/2015 01:00,0,1,31.16,58,9.998,3,2,2
7/2/2015 02:00,0,1,30.34,51,16.9979,3,2,1
7/2/2015 03:00,0,1,29.52,54,27.9993,3,2,1
7/2/2015 04:00,0,1,29.52,54,20,3,2,1
7/2/2015 05:00,0,1,29.52,51,0,3,2,1
7/2/2015 06:00,0,1,28.7,58,4.0015,3,1,8
7/2/2015 07:00,0,1,30.34,51,4.0015,3,1,12
7/2/2015 08:00,0,1,31.16,52,9.998,3,1,8
7/2/2015 09:00,0,1,31.98,46,16.9979,3,1,6
7/2/2015 10:00,0,1,32.8,43,16.9979,3,1,3
7/2/2015 11:00,0,1,34.44,28,20,3,1,6
7/2/2015 12:00,0,1,34.44,32,9.998,3,1,7
7/2/2015 13:00,0,1,35.26,34,13.0013,3,1,9
7/2/2015 14:00,0,1,35.26,34,13.0013,3,1,10
7/2/2015 15:00,0,1,34.44,36,9.998,3,1,12
7/2/2015 16:00,0,1,34.44,36,19.0012,3,1,23
7/2/2015 17:00,0,1,34.44,32,5.9981,3,1,36
7/2/2015 18:00,0,1,34.44,32,7.0014,3,1,36
7/2/2015 19:00,0,1,31.98,43,5.9981,3,1,20
7/2/2015 20:00,0,1,31.98,43,5.9981,3,1,16
7/2/2015 21:00,0,1,31.16,45,5.9981,3,1,15
7/2/2015 22:00,0,1,30.34,51,7.0014,3,1,13
7/2/2015 23:00,0,1,30.34,51,4.0015,3,1,5
7/3/2015 00:00,0,1,29.52,54,0,3,1,2
7/3/2015 01:00,0,1,29.52,58,0,3,1,1
7/3/2015 02:00,0,1,29.52,58,0,3,1,1
7/3/2015 03:00,0,1,28.7,65,5.9981,3,1,1
7/3/2015 04:00,0,1,27.88,65,4.0015,3,1,1
7/3/2015 05:00,0,1,28.7,61,0,3,1,1
7/3/2015 06:00,0,1,28.7,65,5.9981,3,1,9
7/3/2015 07:00,0,1,30.34,58,0,3,1,11
7/3/2015 08:00,0,1,30.34,62,2.57,3,1,33
7/3/2015 09:00,0,1,32.8,49,7.0014,3,1,20
7/3/2015 10:00,0,1,33.62,43,13.0013,3,1,11
7/3/2015 11:00,0,1,35.26,34,9.998,3,1,13
7/3/2015 12:00,0,1,36.08,28,9.998,3,1,21
7/3/2015 13:00,0,1,36.9,25,5.9981,3,1,14
7/3/2015 14:00,0,1,36.9,25,9.998,3,1,15
7/3/2015 15:00,0,1,36.9,24,0,3,2,7
7/3/2015 16:00,0,1,36.9,24,9.998,3,2,27
7/3/2015 17:00,0,1,35.26,30,7.0014,3,2,48
7/3/2015 18:00,0,1,35.26,30,0,3,2,17
7/3/2015 19:00,0,1,34.44,36,5.9981,3,2,30
7/3/2015 20:00,0,1,31.16,55,32.9975,3,3,33
7/3/2015 21:00,0,1,28.7,70,19.0012,3,2,13
7/3/2015 22:00,0,1,27.88,79,9.998,3,1,14
7/3/2015 23:00,0,1,27.06,83,0,3,1,5
7/4/2015 00:00,1,0,27.88,79,2.57,3,1,4
7/4/2015 01:00,1,0,27.88,74,0,3,1,1
7/4/2015 02:00,1,0,27.06,83,5.9981,3,1,1
7/4/2015 03:00,1,0,27.88,74,9.998,3,1,2
7/4/2015 04:00,1,0,27.88,69,16.9979,3,1,1
7/4/2015 05:00,1,0,27.06,69,0,3,1,1
7/4/2015 06:00,1,0,27.06,69,0,3,1,3
7/4/2015 07:00,1,0,27.88,65,0,3,1,8
7/4/2015 08:00,1,0,28.7,61,4.0015,3,1,33
7/4/2015 09:00,1,0,31.16,52,0,3,1,8
7/4/2015 10:00,1,0,32.8,46,0,3,1,4
7/4/2015 11:00,1,0,33.62,46,5.9981,3,1,11
7/4/2015 12:00,1,0,35.26,41,13.0013,3,1,17
7/4/2015 13:00,1,0,36.9,35,0,3,1,6
7/4/2015 14:00,1,0,36.9,37,7.0014,3,1,15
7/4/2015 15:00,1,0,37.72,35,20,3,1,20
7/4/2015 16:00,1,0,37.72,35,16.9979,3,1,29
7/4/2015 17:00,1,0,37.72,35,20,3,1,55
7/4/2015 18:00,1,0,36.9,42,9.998,3,1,50
7/4/2015 19:00,1,0,35.26,47,13.0013,3,1,31
7/4/2015 20:00,1,0,35.26,47,13.0013,3,1,26
7/4/2015 21:00,1,0,34.44,53,5.9981,3,1,17
7/4/2015 22:00,1,0,33.62,56,13.0013,3,1,14
7/4/2015 23:00,1,0,31.98,43,2.57,3,2,7
7/5/2015 00:00,0,1,30.34,51,4.0015,3,1,5
7/5/2015 01:00,0,1,30.34,51,19.0012,3,1,3
7/5/2015 02:00,0,1,30.34,51,0,3,1,1
7/5/2015 03:00,0,1,29.52,54,9.998,3,1,2
7/5/2015 04:00,0,1,29.52,58,0,3,1,1
7/5/2015 05:00,0,1,29.52,62,0,3,1,1
7/5/2015 06:00,0,1,29.52,58,0,3,1,3
7/5/2015 07:00,0,1,31.16,55,0,3,1,9
7/5/2015 08:00,0,1,32.8,49,5.9981,3,1,40
7/5/2015 09:00,0,1,34.44,49,20,3,1,24
7/5/2015 10:00,0,1,35.26,44,23.9994,3,1,15
7/5/2015 11:00,0,1,36.9,35,20,3,1,19
7/5/2015 12:00,0,1,36.9,35,23.9994,3,1,15
7/5/2015 13:00,0,1,37.72,33,13.0013,3,1,25
7/5/2015 14:00,0,1,37.72,33,22.0028,3,1,24
7/5/2015 15:00,0,1,37.72,33,23.9994,3,1,15
7/5/2015 16:00,0,1,37.72,33,16.9979,3,1,38
7/5/2015 17:00,0,1,37.72,35,7.0014,3,1,47
7/5/2015 18:00,0,1,36.9,39,22.0028,3,2,47
7/5/2015 19:00,0,1,36.08,39,16.9979,3,2,29
7/5/2015 20:00,0,1,35.26,41,13.0013,3,2,22
7/5/2015 21:00,0,1,34.44,47,9.998,3,1,16
7/5/2015 22:00,0,1,33.62,59,5.9981,3,1,14
7/5/2015 23:00,0,1,32.8,55,7.0014,3,1,10
7/6/2015 00:00,0,1,31.98,62,5.9981,3,1,10
7/6/2015 01:00,0,1,31.98,55,13.0013,3,1,9
7/6/2015 02:00,0,1,31.16,62,5.9981,3,1,4
7/6/2015 03:00,0,1,30.34,70,9.998,3,2,4
7/6/2015 04:00,0,1,30.34,66,13.0013,3,1,2
7/6/2015 05:00,0,1,30.34,66,9.998,3,1,1
7/6/2015 06:00,0,1,30.34,66,9.998,3,1,2
7/6/2015 07:00,0,1,31.98,46,5.9981,3,1,5
7/6/2015 08:00,0,1,32.8,41,7.0014,3,1,11
7/6/2015 09:00,0,1,33.62,36,5.9981,3,1,20
7/6/2015 10:00,0,1,35.26,30,0,3,1,11
7/6/2015 11:00,0,1,34.44,32,2.57,3,1,26
7/6/2015 12:00,0,1,36.08,28,4.0015,3,1,33
7/6/2015 13:00,0,1,36.9,27,4.0015,3,1,32
7/6/2015 14:00,0,1,36.9,31,7.0014,3,1,31
7/6/2015 15:00,0,1,37.72,29,9.998,3,1,35
7/6/2015 16:00,0,1,37.72,29,4.0015,3,1,30
7/6/2015 17:00,0,1,37.72,29,0,3,1,13
7/6/2015 18:00,0,1,36.9,33,16.9979,3,1,29
7/6/2015 19:00,0,1,36.08,35,13.0013,3,1,20
7/6/2015 20:00,0,1,35.26,39,4.0015,3,1,11
7/6/2015 21:00,0,1,33.62,52,5.9981,3,1,11
7/6/2015 22:00,0,1,32.8,55,9.998,3,1,11
7/6/2015 23:00,0,1,32.8,63,4.0015,3,1,8
7/7/2015 00:00,0,0,31.98,66,5.9981,3,1,7
7/7/2015 01:00,0,0,31.16,70,7.0014,3,1,6
7/7/2015 02:00,0,0,31.16,72,7.0014,3,1,5
7/7/2015 03:00,0,0,30.34,74,5.9981,3,1,2
7/7/2015 04:00,0,0,30.34,74,7.0014,3,1,2
7/7/2015 05:00,0,0,30.34,74,9.998,3,1,1
7/7/2015 06:00,0,0,30.34,74,4.0015,3,1,2
7/7/2015 07:00,0,0,31.98,66,4.0015,3,1,2
7/7/2015 08:00,0,0,33.62,63,9.998,3,1,4
7/7/2015 09:00,0,0,34.44,59,7.0014,3,1,5
7/7/2015 10:00,0,0,37.72,37,13.0013,3,1,11
7/7/2015 11:00,0,0,38.54,38,9.998,3,1,20
7/7/2015 12:00,0,0,39.36,31,23.9994,3,1,15
7/7/2015 13:00,0,0,39.36,31,16.9979,3,2,19
7/7/2015 14:00,0,0,39.36,30,5.9981,3,2,16
7/7/2015 15:00,0,0,39.36,26,0,3,1,7
7/7/2015 16:00,0,0,41,19,7.0014,3,1,18
7/7/2015 17:00,0,0,39.36,26,5.9981,3,1,8
7/7/2015 18:00,0,0,38.54,29,2.57,3,1,5
7/7/2015 19:00,0,0,37.72,33,5.9981,3,1,6
7/7/2015 20:00,0,0,36.9,37,7.0014,3,1,7
7/7/2015 21:00,0,0,36.08,37,9.998,3,1,7
7/7/2015 22:00,0,0,34.44,59,9.998,3,1,5
7/7/2015 23:00,0,0,34.44,56,7.0014,3,1,5
8/1/2015 00:00,0,1,27.88,79,7.0014,3,1,4
8/1/2015 01:00,0,1,27.06,83,2.57,3,1,2
8/1/2015 02:00,0,1,26.24,83,4.0015,3,1,1
8/1/2015 03:00,0,1,26.24,83,4.0015,3,1,1
8/1/2015 04:00,0,1,26.24,78,5.9981,3,2,1
8/1/2015 05:00,0,1,26.24,78,5.9981,3,2,2
8/1/2015 06:00,0,1,26.24,78,5.9981,3,1,8
8/1/2015 07:00,0,1,26.24,83,5.9981,3,2,21
8/1/2015 08:00,0,1,27.06,78,9.998,3,2,39
8/1/2015 09:00,0,1,27.88,74,2.57,3,2,14
8/1/2015 10:00,0,1,29.52,66,2.57,3,1,6
8/1/2015 11:00,0,1,31.16,58,2.57,3,1,7
8/1/2015 12:00,0,1,32.8,49,4.0015,3,1,11
8/1/2015 13:00,0,1,32.8,52,7.0014,3,1,13
8/1/2015 14:00,0,1,33.62,46,7.0014,3,1,10
8/1/2015 15:00,0,1,33.62,46,7.0014,3,1,12
8/1/2015 16:00,0,1,32.8,55,19.0012,3,1,21
8/1/2015 17:00,0,1,32.8,49,7.0014,3,1,36
8/1/2015 18:00,0,1,31.16,62,13.0013,3,3,39
8/1/2015 19:00,0,1,30.34,66,16.9979,3,1,27
8/1/2015 20:00,0,1,30.34,66,7.0014,3,1,16
8/1/2015 21:00,0,1,29.52,70,5.9981,3,1,14
8/1/2015 22:00,0,1,29.52,70,4.0015,3,1,10
8/1/2015 23:00,0,1,28.7,74,0,3,1,3
8/2/2015 00:00,0,1,28.7,74,0,3,1,1
8/2/2015 01:00,0,1,27.88,79,4.0015,3,1,2
8/2/2015 02:00,0,1,27.06,83,2.57,3,1,1
8/2/2015 03:00,0,1,27.06,83,0,3,1,1
8/2/2015 04:00,0,1,27.06,83,0,3,1,1
8/2/2015 05:00,0,1,27.06,89,5.9981,3,1,2
8/2/2015 06:00,0,1,27.06,83,0,3,1,3
8/2/2015 07:00,0,1,28.7,79,0,3,1,8
8/2/2015 08:00,0,1,29.52,74,4.0015,3,1,31
8/2/2015 09:00,0,1,31.16,66,4.0015,3,1,18
8/2/2015 10:00,0,1,32.8,55,0,3,1,5
8/2/2015 11:00,0,1,33.62,52,4.0015,3,1,11
8/2/2015 12:00,0,1,34.44,44,5.9981,3,1,15
8/2/2015 13:00,0,1,35.26,44,13.0013,3,1,17
8/2/2015 14:00,0,1,35.26,41,5.9981,3,1,14
8/2/2015 15:00,0,1,31.98,62,31.0009,3,1,20
8/2/2015 16:00,0,1,33.62,46,9.998,3,1,25
8/2/2015 17:00,0,1,33.62,52,16.9979,3,1,38
8/2/2015 18:00,0,1,32.8,59,13.0013,3,1,30
8/2/2015 19:00,0,1,32.8,63,7.0014,3,1,20
8/2/2015 20:00,0,1,31.98,66,0,3,1,5
8/2/2015 21:00,0,1,31.16,66,13.0013,3,1,9
8/2/2015 22:00,0,1,30.34,70,9.998,3,1,9
8/2/2015 23:00,0,1,29.52,70,16.9979,3,1,7
8/3/2015 00:00,0,1,29.52,70,9.998,3,1,7
8/3/2015 01:00,0,1,28.7,74,9.998,3,1,6
8/3/2015 02:00,0,1,27.88,79,13.0013,3,1,3
8/3/2015 03:00,0,1,27.88,79,13.0013,3,1,2
8/3/2015 04:00,0,1,27.06,83,16.9979,3,1,2
8/3/2015 05:00,0,1,27.06,83,7.0014,3,1,1
8/3/2015 06:00,0,1,27.06,83,13.0013,3,1,2
8/3/2015 07:00,0,1,28.7,74,4.0015,3,1,3
8/3/2015 08:00,0,1,29.52,70,5.9981,3,1,8
8/3/2015 09:00,0,1,30.34,66,4.0015,3,2,10
8/3/2015 10:00,0,1,32.8,52,9.998,3,2,19
8/3/2015 11:00,0,1,34.44,49,19.0012,3,2,21
8/3/2015 12:00,0,1,35.26,50,20,3,2,24
8/3/2015 13:00,0,1,35.26,47,19.0012,3,2,27
8/3/2015 14:00,0,1,35.26,44,16.9979,3,2,27
8/3/2015 15:00,0,1,36.08,42,16.9979,3,1,27
8/3/2015 16:00,0,1,35.26,41,13.0013,3,2,23
8/3/2015 17:00,0,1,34.44,53,19.0012,3,2,25
8/3/2015 18:00,0,1,33.62,59,16.9979,3,2,18
8/3/2015 19:00,0,1,32.8,63,13.0013,3,2,14
8/3/2015 20:00,0,1,31.98,66,13.0013,3,2,11
8/3/2015 21:00,0,1,31.16,66,9.998,3,2,10
8/3/2015 22:00,0,1,31.16,70,16.9979,3,1,9
8/3/2015 23:00,0,1,30.34,79,5.9981,3,1,8
8/4/2015 00:00,0,0,30.34,79,7.0014,3,1,6
8/4/2015 01:00,0,0,29.52,84,9.998,3,1,10
8/4/2015 02:00,0,0,29.52,84,5.9981,3,1,2
8/4/2015 03:00,0,0,29.52,84,5.9981,3,1,1
8/4/2015 04:00,0,0,29.52,79,9.998,3,1,1
8/4/2015 05:00,0,0,28.7,84,13.0013,3,1,1
8/4/2015 06:00,0,0,28.7,84,13.0013,3,1,2
8/4/2015 07:00,0,0,29.52,77,7.0014,3,1,3
8/4/2015 08:00,0,0,30.34,72,9.998,3,1,9
8/4/2015 09:00,0,0,31.98,65,13.0013,3,1,13
8/4/2015 10:00,0,0,33.62,57,9.998,3,1,21
8/4/2015 11:00,0,0,35.26,47,16.9979,3,1,27
8/4/2015 12:00,0,0,35.26,40,23.9994,3,1,15
8/4/2015 13:00,0,0,36.08,42,20,3,1,30
8/4/2015 14:00,0,0,36.08,40,26.0027,3,1,30
8/4/2015 15:00,0,0,36.08,42,27.9993,3,1,28
8/4/2015 16:00,0,0,36.9,39,20,3,1,27
8/4/2015 17:00,0,0,36.08,37,20,3,1,20
8/4/2015 18:00,0,0,35.26,41,22.0028,3,1,15
8/4/2015 19:00,0,0,33.62,52,23.9994,3,1,15
8/4/2015 20:00,0,0,33.62,52,20,3,1,9
8/4/2015 21:00,0,0,32.8,59,16.9979,3,1,6
8/4/2015 22:00,0,0,31.16,66,19.0012,3,1,5
8/4/2015 23:00,0,0,31.16,66,20,3,1,4
8/5/2015 00:00,0,0,30.34,70,19.0012,3,1,2
8/5/2015 01:00,0,0,30.34,70,16.9979,3,1,1
8/5/2015 02:00,0,0,30.34,70,20,3,1,1
8/5/2015 03:00,0,0,29.52,74,16.9979,3,1,1
8/5/2015 04:00,0,0,29.52,74,16.9979,3,1,2
8/5/2015 05:00,0,0,29.52,74,16.9979,3,1,3
8/5/2015 06:00,0,0,29.52,79,16.9979,3,1,9
8/5/2015 07:00,0,0,30.34,74,20,3,1,28
8/5/2015 08:00,0,0,31.16,66,22.0028,3,1,39
8/5/2015 09:00,0,0,32.8,59,23.9994,3,1,15
8/5/2015 10:00,0,0,32.8,59,27.9993,3,1,10
8/5/2015 11:00,0,0,33.62,56,27.9993,3,1,10
8/5/2015 12:00,0,0,35.26,47,35.0008,3,1,17
8/5/2015 13:00,0,0,36.08,44,31.0009,3,1,15
8/5/2015 14:00,0,0,36.9,42,31.0009,3,1,13
8/5/2015 15:00,0,0,36.9,37,35.0008,3,1,17
8/5/2015 16:00,0,0,33.62,46,16.9979,3,1,21
8/5/2015 17:00,0,0,33.62,46,16.9979,3,1,38
8/5/2015 18:00,0,0,28.7,74,5.9981,3,3,28
8/5/2015 19:00,0,0,28.7,84,13.0013,3,1,22
8/5/2015 20:00,0,0,28.7,84,4.0015,3,1,11
8/5/2015 21:00,0,0,29.52,79,4.0015,3,1,8
8/5/2015 22:00,0,0,29.52,79,2.57,3,1,5
8/5/2015 23:00,0,0,29.52,79,7.0014,3,2,4
8/6/2015 00:00,0,1,29.52,79,0,3,2,1
8/6/2015 01:00,0,1,29.52,79,2.57,3,1,1
8/6/2015 02:00,0,1,29.52,79,5.9981,3,2,1
8/6/2015 03:00,0,1,29.52,79,2.57,3,3,1
8/6/2015 04:00,0,1,29.52,74,5.9981,3,2,1
8/6/2015 05:00,0,1,28.7,79,9.998,3,1,3
8/6/2015 06:00,0,1,28.7,79,13.0013,3,2,9
8/6/2015 07:00,0,1,29.52,70,9.998,3,3,22
8/6/2015 08:00,0,1,28.7,79,0,3,2,12
8/6/2015 09:00,0,1,28.7,79,7.0014,3,3,20
8/6/2015 10:00,0,1,30.34,70,13.0013,3,1,13
8/6/2015 11:00,0,1,31.16,66,5.9981,3,1,11
8/6/2015 12:00,0,1,31.98,55,2.57,3,2,10
8/6/2015 13:00,0,1,32.8,49,13.0013,3,1,16
8/6/2015 14:00,0,1,33.62,46,0,3,1,5
8/6/2015 15:00,0,1,33.62,46,5.9981,3,1,14
8/6/2015 16:00,0,1,34.44,41,4.0015,3,1,19
8/6/2015 17:00,0,1,33.62,41,0,3,1,13
8/6/2015 18:00,0,1,33.62,41,5.9981,3,1,25
8/6/2015 19:00,0,1,31.98,59,9.998,3,1,22
8/6/2015 20:00,0,1,31.16,66,7.0014,3,1,12
8/6/2015 21:00,0,1,30.34,70,9.998,3,1,9
8/6/2015 22:00,0,1,30.34,70,2.57,3,1,7
8/6/2015 23:00,0,1,29.52,74,9.998,3,1,12
8/7/2015 00:00,0,1,28.7,84,9.998,3,1,17
8/7/2015 01:00,0,1,28.7,84,5.9981,3,1,5
8/7/2015 02:00,0,1,28.7,84,5.9981,3,1,4
8/7/2015 03:00,0,1,28.7,84,0,3,1,1
8/7/2015 04:00,0,1,27.88,83,5.9981,3,1,1
8/7/2015 05:00,0,1,28.7,79,4.0015,3,1,2
8/7/2015 06:00,0,1,28.7,79,9.998,3,2,7
8/7/2015 07:00,0,1,28.7,74,5.9981,3,2,16
8/7/2015 08:00,0,1,28.7,70,7.0014,3,2,32
8/7/2015 09:00,0,1,28.7,74,5.9981,3,2,19
8/7/2015 10:00,0,1,30.34,70,5.9981,3,2,9
8/7/2015 11:00,0,1,31.16,66,2.57,3,2,6
8/7/2015 12:00,0,1,32.8,55,5.9981,3,2,11
8/7/2015 13:00,0,1,32.8,52,9.998,3,2,11
8/7/2015 14:00,0,1,33.62,46,0,3,2,4
8/7/2015 15:00,0,1,32.8,52,0,3,1,4
8/7/2015 16:00,0,1,31.16,66,19.0012,3,3,17
8/7/2015 17:00,0,1,31.98,62,5.9981,3,2,26
8/7/2015 18:00,0,1,31.16,62,7.0014,3,2,25
8/7/2015 19:00,0,1,31.16,66,4.0015,3,2,15
8/7/2015 20:00,0,1,30.34,70,5.9981,3,2,13
8/7/2015 21:00,0,1,29.52,74,0,3,2,3
8/7/2015 22:00,0,1,29.52,74,4.0015,3,1,3
8/7/2015 23:00,0,1,29.52,79,0,3,1,1
8/8/2015 00:00,0,1,28.7,84,0,3,1,1
8/8/2015 01:00,0,1,29.52,79,0,3,1,1
8/8/2015 02:00,0,1,28.7,84,0,3,1,1
8/8/2015 03:00,0,1,28.7,84,0,3,1,1
8/8/2015 04:00,0,1,28.7,84,0,3,1,1
8/8/2015 05:00,0,1,27.88,89,7.0014,3,2,7
8/8/2015 06:00,0,1,28.7,84,7.0014,3,2,23
8/8/2015 07:00,0,1,28.7,84,7.0014,3,2,35
8/8/2015 08:00,0,1,30.34,72,2.57,3,2,12
8/8/2015 09:00,0,1,31.16,66,0,3,2,4
8/8/2015 10:00,0,1,32.8,52,5.9981,3,2,9
8/8/2015 11:00,0,1,32.8,52,0,3,2,5
8/8/2015 12:00,0,1,32.8,52,0,3,2,5
9/1/2015 00:00,0,0,30.34,62,4.0015,3,1,4
9/1/2015 01:00,0,0,29.52,74,5.9981,3,1,3
9/1/2015 02:00,0,0,28.7,70,7.0014,3,1,2
9/1/2015 03:00,0,0,28.7,70,4.0015,3,1,1
9/1/2015 04:00,0,0,28.7,70,0,3,1,1
9/1/2015 05:00,0,0,27.88,79,0,3,1,1
9/1/2015 06:00,0,0,27.88,79,0,3,1,2
9/1/2015 07:00,0,0,30.34,58,5.9981,3,2,8
9/1/2015 08:00,0,0,31.16,58,16.9979,3,2,12
9/1/2015 09:00,0,0,31.16,58,9.998,3,2,15
9/1/2015 10:00,0,0,31.98,55,9.998,3,2,23
9/1/2015 11:00,0,0,32.8,55,13.0013,3,2,26
9/1/2015 12:00,0,0,32.8,55,7.0014,3,2,27
9/1/2015 13:00,0,0,33.62,52,2.57,3,2,20
9/1/2015 14:00,0,0,35.26,44,7.0014,3,2,26
9/1/2015 15:00,0,0,35.26,44,19.0012,3,2,27
9/1/2015 16:00,0,0,34.44,49,7.0014,3,2,17
9/1/2015 17:00,0,0,33.62,52,0,3,2,6
9/1/2015 18:00,0,0,33.62,52,0,3,2,5
9/1/2015 19:00,0,0,31.98,62,0,3,3,4
9/1/2015 20:00,0,0,31.16,67,16.9979,3,3,10
9/1/2015 21:00,0,0,26.24,89,0,3,3,3
9/1/2015 22:00,0,0,27.06,89,0,3,2,3
9/1/2015 23:00,0,0,27.06,89,2.57,3,1,5
9/2/2015 00:00,0,0,27.06,89,2.57,3,2,4
9/2/2015 01:00,0,0,27.06,89,0,3,1,2
9/2/2015 02:00,0,0,27.06,89,0,3,1,1
9/2/2015 03:00,0,0,27.06,89,2.57,3,1,1
9/2/2015 04:00,0,0,27.06,89,0,3,1,1
9/2/2015 05:00,0,0,27.06,89,0,3,1,1
9/2/2015 06:00,0,0,27.06,89,0,3,2,1
9/2/2015 07:00,0,0,27.06,94,2.57,3,1,4
9/2/2015 08:00,0,0,27.88,89,2.57,3,1,8
9/2/2015 09:00,0,0,28.7,84,0,3,2,6
9/2/2015 10:00,0,0,29.52,79,0,3,2,8
9/2/2015 11:00,0,0,30.34,70,0,3,2,11
9/2/2015 12:00,0,0,30.34,70,0,3,3,9
9/2/2015 13:00,0,0,29.52,74,2.57,3,3,20
9/2/2015 14:00,0,0,29.52,79,2.57,3,3,17
9/2/2015 15:00,0,0,30.34,74,5.9981,3,3,23
9/2/2015 16:00,0,0,30.34,70,0,3,1,7
9/2/2015 17:00,0,0,31.16,66,2.57,3,1,9
9/2/2015 18:00,0,0,30.34,74,0,3,1,4
9/2/2015 19:00,0,0,28.7,84,13.0013,3,2,9
9/2/2015 20:00,0,0,28.7,84,7.0014,3,2,6
9/2/2015 21:00,0,0,28.7,70,7.0014,3,1,6
9/2/2015 22:00,0,0,27.88,83,5.9981,3,3,3
9/2/2015 23:00,0,0,27.06,89,2.57,3,3,2
9/3/2015 00:00,1,0,27.06,94,0,3,2,1
9/3/2015 01:00,1,0,27.88,89,7.0014,3,2,1
9/3/2015 02:00,1,0,27.06,89,4.0015,3,1,1
9/3/2015 03:00,1,0,27.06,89,5.9981,3,1,1
9/3/2015 04:00,1,0,27.06,89,2.57,3,1,2
9/3/2015 05:00,1,0,27.06,89,0,3,1,3
9/3/2015 06:00,1,0,27.06,94,0,3,1,8
9/3/2015 07:00,1,0,27.88,85,0,3,1,15
9/3/2015 08:00,1,0,28.7,84,4.0015,3,2,14
9/3/2015 09:00,1,0,28.7,84,5.9981,3,2,7
9/3/2015 10:00,1,0,30.34,74,13.0013,3,2,14
9/3/2015 11:00,1,0,30.34,70,19.0012,3,2,16
9/3/2015 12:00,1,0,31.16,62,20,3,2,20
9/3/2015 13:00,1,0,31.16,66,16.9979,3,2,16
9/3/2015 14:00,1,0,30.34,70,20,3,1,17
9/3/2015 15:00,1,0,30.34,70,13.0013,3,1,26
9/3/2015 16:00,1,0,30.34,70,13.0013,3,1,40
9/3/2015 17:00,1,0,30.34,70,5.9981,3,1,35
9/3/2015 18:00,1,0,30.34,66,7.0014,3,1,25
9/3/2015 19:00,1,0,29.52,74,9.998,3,1,17
9/3/2015 20:00,1,0,29.52,76,4.0015,3,1,11
9/3/2015 21:00,1,0,29.52,76,4.0015,3,1,7
9/3/2015 22:00,1,0,28.7,84,5.9981,3,2,6
9/3/2015 23:00,1,0,28.7,84,16.9979,3,2,4
9/4/2015 00:00,0,1,28.7,84,16.9979,3,2,2
9/4/2015 01:00,0,1,27.88,82,5.9981,3,1,1
9/4/2015 02:00,0,1,27.88,82,5.9981,3,1,1
9/4/2015 03:00,0,1,27.06,89,2.57,3,2,1
9/4/2015 04:00,0,1,27.06,89,0,3,2,1
9/4/2015 05:00,0,1,27.06,89,0,3,2,4
9/4/2015 06:00,0,1,27.88,89,4.0015,3,2,23
9/4/2015 07:00,0,1,27.88,89,4.0015,3,2,33
9/4/2015 08:00,0,1,28.7,84,7.0014,3,1,18
9/4/2015 09:00,0,1,29.52,79,13.0013,3,2,9
9/4/2015 10:00,0,1,29.52,74,16.9979,3,2,13
9/4/2015 11:00,0,1,30.34,70,19.0012,3,2,19
9/4/2015 12:00,0,1,31.16,70,19.0012,3,1,17
9/4/2015 13:00,0,1,32.8,55,30.0026,3,1,17
9/4/2015 14:00,0,1,32.8,55,27.9993,3,1,19
9/4/2015 15:00,0,1,32.8,59,31.0009,3,1,29
9/4/2015 16:00,0,1,31.16,70,27.9993,3,1,47
9/4/2015 17:00,0,1,31.16,70,23.9994,3,1,15
9/4/2015 18:00,0,1,31.16,75,13.0013,3,1,26
9/4/2015 19:00,0,1,31.16,70,13.0013,3,1,18
9/4/2015 20:00,0,1,30.34,70,16.9979,3,1,17
9/4/2015 21:00,0,1,30.34,74,16.9979,3,1,12
9/4/2015 22:00,0,1,30.34,70,19.0012,3,1,6
9/4/2015 23:00,0,1,29.52,74,20,3,1,3
9/5/2015 00:00,0,1,29.52,74,16.9979,3,1,2
9/5/2015 01:00,0,1,28.7,84,9.998,3,1,1
9/5/2015 02:00,0,1,28.7,84,9.998,3,1,1
9/5/2015 03:00,0,1,28.7,79,19.0012,3,1,1
9/5/2015 04:00,0,1,28.7,79,19.0012,3,1,3
9/5/2015 05:00,0,1,28.7,79,20,3,2,8
9/5/2015 06:00,0,1,28.7,79,19.0012,3,1,24
9/5/2015 07:00,0,1,28.7,79,16.9979,3,2,45
9/5/2015 08:00,0,1,29.52,74,9.998,3,1,22
9/5/2015 09:00,0,1,30.34,70,16.9979,3,1,9
9/5/2015 10:00,0,1,31.16,70,7.0014,3,2,10
9/5/2015 11:00,0,1,31.98,62,7.0014,3,2,13
9/5/2015 12:00,0,1,31.98,70,4.0015,3,1,10
9/5/2015 13:00,0,1,32.8,63,7.0014,3,1,12
9/5/2015 14:00,0,1,33.62,56,4.0015,3,1,13
9/5/2015 15:00,0,1,31.98,70,9.998,3,1,22
9/5/2015 16:00,0,1,31.16,70,16.9979,3,1,36
9/5/2015 17:00,0,1,31.16,66,16.9979,3,1,36
9/5/2015 18:00,0,1,31.16,75,9.998,3,1,24
9/5/2015 19:00,0,1,30.34,70,7.0014,3,1,16
9/5/2015 20:00,0,1,29.52,84,7.0014,3,1,11
9/5/2015 21:00,0,1,29.52,79,0,3,1,3
9/5/2015 22:00,0,1,29.52,79,0,3,1,2
9/5/2015 23:00,0,1,28.7,84,2.57,3,1,2
9/6/2015 00:00,0,1,28.7,84,2.57,3,2,1
9/6/2015 01:00,0,1,28.7,84,0,3,2,1
9/6/2015 02:00,0,1,29.52,79,0,3,1,1
9/6/2015 03:00,0,1,28.7,84,4.0015,3,1,1
9/6/2015 04:00,0,1,28.7,84,2.57,3,2,2
9/6/2015 05:00,0,1,28.7,84,9.998,3,2,8
9/6/2015 06:00,0,1,28.7,84,2.57,3,2,16
9/6/2015 07:00,0,1,28.7,84,4.0015,3,2,30
9/6/2015 08:00,0,1,28.7,79,0,3,3,6
9/6/2015 09:00,0,1,27.06,94,5.9981,3,3,8
9/6/2015 10:00,0,1,27.06,94,5.9981,3,3,9
9/6/2015 11:00,0,1,28.7,84,7.0014,3,3,13
9/6/2015 12:00,0,1,29.52,79,13.0013,3,2,14
9/6/2015 13:00,0,1,29.52,79,4.0015,3,2,10
9/6/2015 14:00,0,1,30.34,74,2.57,3,1,11
9/6/2015 15:00,0,1,30.34,66,9.998,3,1,20
9/6/2015 16:00,0,1,30.34,70,13.0013,3,1,35
9/6/2015 17:00,0,1,30.34,70,16.9979,3,1,34
9/6/2015 18:00,0,1,29.52,70,16.9979,3,1,23
9/6/2015 19:00,0,1,27.88,74,16.9979,3,1,14
9/6/2015 20:00,0,1,27.06,78,13.0013,3,1,12
9/6/2015 21:00,0,1,26.24,89,7.0014,3,1,8
9/6/2015 22:00,0,1,26.24,89,7.0014,3,1,6
9/6/2015 23:00,0,1,26.24,89,7.0014,3,1,3
9/7/2015 00:00,0,1,26.24,89,5.9981,3,1,2
9/7/2015 01:00,0,1,25.42,88,4.0015,3,1,1
9/7/2015 02:00,0,1,25.42,83,2.57,3,1,1
9/7/2015 03:00,0,1,25.42,83,2.57,3,1,1
9/7/2015 04:00,0,1,25.42,88,0,3,1,1
9/7/2015 05:00,0,1,25.42,88,0,3,1,2
9/7/2015 06:00,0,1,25.42,88,4.0015,3,1,10
9/7/2015 07:00,0,1,26.24,89,4.0015,3,1,20
9/7/2015 08:00,0,1,27.06,83,4.0015,3,1,14
9/7/2015 09:00,0,1,28.7,79,5.9981,3,1,9
9/7/2015 10:00,0,1,29.52,74,5.9981,3,1,11
9/7/2015 11:00,0,1,31.16,62,5.9981,3,1,12
9/7/2015 12:00,0,1,31.98,59,7.0014,3,1,12
9/7/2015 13:00,0,1,32.8,59,16.9979,3,1,13
9/7/2015 14:00,0,1,32.8,59,16.9979,3,1,18
9/7/2015 15:00,0,1,32.8,55,16.9979,3,1,23
9/7/2015 16:00,0,1,32.8,55,19.0012,3,1,34
9/7/2015 17:00,0,1,31.98,59,22.0028,3,1,30
9/7/2015 18:00,0,1,31.16,62,20,3,1,22
9/7/2015 19:00,0,1,30.34,62,19.0012,3,1,15
9/7/2015 20:00,0,1,29.52,66,13.0013,3,1,11
9/7/2015 21:00,0,1,28.7,74,7.0014,3,1,9
9/7/2015 22:00,0,1,28.7,74,13.0013,3,1,8
9/7/2015 23:00,0,1,27.06,89,16.9979,3,1,7
9/8/2015 00:00,0,0,27.06,89,16.9979,3,1,6
9/8/2015 01:00,0,0,27.06,89,19.0012,3,2,5
9/8/2015 02:00,0,0,27.06,89,22.0028,3,1,2
9/8/2015 03:00,0,0,27.06,89,13.0013,3,2,2
9/8/2015 04:00,0,0,27.06,94,13.0013,3,2,1
9/8/2015 05:00,0,0,27.06,94,16.9979,3,2,2
9/8/2015 06:00,0,0,27.06,89,19.0012,3,2,3
9/8/2015 07:00,0,0,27.06,89,19.0012,3,1,8
9/8/2015 08:00,0,0,28.7,79,22.0028,3,1,11
9/8/2015 09:00,0,0,28.7,74,26.0027,3,1,17
9/8/2015 10:00,0,0,30.34,70,26.0027,3,1,24
9/8/2015 11:00,0,0,31.16,62,30.0026,3,1,31
9/8/2015 12:00,0,0,32.8,55,32.9975,3,1,37
9/8/2015 13:00,0,0,33.62,52,35.0008,3,1,38
9/8/2015 14:00,0,0,33.62,52,30.0026,3,1,35
9/8/2015 15:00,0,0,22.96,88,16.9979,3,3,30
9/8/2015 16:00,0,0,22.96,88,9.998,3,3,20
9/8/2015 17:00,0,0,23.78,83,9.998,3,3,18
9/8/2015 18:00,0,0,23.78,83,5.9981,3,3,13
9/8/2015 19:00,0,0,23.78,88,4.0015,3,3,9
9/8/2015 20:00,0,0,23.78,88,2.57,3,2,9
9/8/2015 21:00,0,0,24.6,83,7.0014,3,2,9
9/8/2015 22:00,0,0,23.78,78,20,3,2,11
9/8/2015 23:00,0,0,23.78,73,7.0014,3,2,7
10/1/2015 00:00,0,1,18.86,72,4.0015,4,1,7
10/1/2015 01:00,0,1,18.04,77,2.57,4,1,4
10/1/2015 02:00,0,1,18.86,72,0,4,1,2
10/1/2015 03:00,0,1,18.04,77,0,4,1,1
10/1/2015 04:00,0,1,17.22,82,4.0015,4,1,1
10/1/2015 05:00,0,1,18.04,77,0,4,1,1
10/1/2015 06:00,0,1,18.04,77,4.0015,4,1,2
10/1/2015 07:00,0,1,18.04,77,7.0014,4,1,3
10/1/2015 08:00,0,1,18.86,77,4.0015,4,2,7
10/1/2015 09:00,0,1,21.32,63,0,4,2,5
10/1/2015 10:00,0,1,22.14,56,0,4,1,8
10/1/2015 11:00,0,1,23.78,46,0,4,1,8
10/1/2015 12:00,0,1,24.6,43,7.0014,4,2,23
10/1/2015 13:00,0,1,24.6,43,7.0014,4,2,22
10/1/2015 14:00,0,1,24.6,43,4.0015,4,2,20
10/1/2015 15:00,0,1,25.42,43,5.9981,4,2,18
10/1/2015 16:00,0,1,25.42,46,16.9979,4,2,19
10/1/2015 17:00,0,1,22.96,60,16.9979,4,3,25
10/1/2015 18:00,0,1,22.96,64,4.0015,4,3,17
10/1/2015 19:00,0,1,22.14,68,4.0015,4,2,18
10/1/2015 20:00,0,1,22.14,68,0,4,3,7
10/1/2015 21:00,0,1,22.14,73,5.9981,4,2,13
10/1/2015 22:00,0,1,22.14,77,2.57,4,3,7
10/1/2015 23:00,0,1,22.14,77,0,4,3,3
10/2/2015 00:00,0,1,22.96,73,0,4,2,1
10/2/2015 01:00,0,1,22.14,77,4.0015,4,2,1
10/2/2015 02:00,0,1,22.14,77,4.0015,4,2,1
10/2/2015 03:00,0,1,22.14,88,9.998,4,2,1
10/2/2015 04:00,0,1,22.96,83,2.57,4,2,1
10/2/2015 05:00,0,1,22.96,83,5.9981,4,2,2
10/2/2015 06:00,0,1,23.78,83,4.0015,4,3,7
10/2/2015 07:00,0,1,23.78,83,4.0015,4,3,18
10/2/2015 08:00,0,1,24.6,88,0,4,3,12
10/2/2015 09:00,0,1,23.78,88,5.9981,4,3,15
10/2/2015 10:00,0,1,23.78,88,5.9981,4,3,9
10/2/2015 11:00,0,1,23.78,94,5.9981,4,3,11
10/2/2015 12:00,0,1,24.6,88,9.998,4,2,15
10/2/2015 13:00,0,1,24.6,88,5.9981,4,2,12
10/2/2015 14:00,0,1,24.6,88,5.9981,4,3,12
10/2/2015 15:00,0,1,25.42,83,5.9981,4,3,12
10/2/2015 16:00,0,1,25.42,88,5.9981,4,3,19
10/2/2015 17:00,0,1,25.42,88,4.0015,4,3,33
10/2/2015 18:00,0,1,25.42,94,2.57,4,3,30
10/2/2015 19:00,0,1,25.42,94,0,4,3,12
10/2/2015 20:00,0,1,25.42,94,5.9981,4,3,20
10/2/2015 21:00,0,1,25.42,94,4.0015,4,3,12
10/2/2015 22:00,0,1,25.42,94,4.0015,4,2,9
10/2/2015 23:00,0,1,25.42,94,0,4,2,3
10/3/2015 00:00,0,1,25.42,94,0,4,3,2
10/3/2015 01:00,0,1,25.42,94,0,4,2,1
10/3/2015 02:00,0,1,25.42,94,0,4,2,1
10/3/2015 03:00,0,1,24.6,94,0,4,2,1
10/3/2015 04:00,0,1,24.6,100,0,4,2,1
10/3/2015 05:00,0,1,25.42,94,4.0015,4,2,2
10/3/2015 06:00,0,1,24.6,94,5.9981,4,2,8
10/3/2015 07:00,0,1,24.6,94,9.998,4,2,28
10/3/2015 08:00,0,1,25.42,88,4.0015,4,2,29
10/3/2015 09:00,0,1,25.42,83,9.998,4,2,16
10/3/2015 10:00,0,1,27.06,78,7.0014,4,1,11
10/3/2015 11:00,0,1,27.06,78,7.0014,4,1,12
10/3/2015 12:00,0,1,28.7,70,4.0015,4,2,13
10/3/2015 13:00,0,1,28.7,74,4.0015,4,2,13
10/3/2015 14:00,0,1,29.52,70,7.0014,4,2,17
10/3/2015 15:00,0,1,29.52,62,7.0014,4,2,22
10/3/2015 16:00,0,1,29.52,58,0,4,2,11
10/3/2015 17:00,0,1,28.7,65,0,4,1,15
10/3/2015 18:00,0,1,28.7,65,0,4,1,13
10/3/2015 19:00,0,1,28.7,65,0,4,1,10
10/3/2015 20:00,0,1,28.7,65,0,4,1,8
10/3/2015 21:00,0,1,27.06,74,0,4,2,4
10/3/2015 22:00,0,1,27.06,74,0,4,1,4
10/3/2015 23:00,0,1,27.06,78,0,4,2,4
10/4/2015 00:00,0,1,26.24,89,0,4,3,4
10/4/2015 01:00,0,1,25.42,94,0,4,2,3
10/4/2015 02:00,0,1,26.24,89,0,4,1,2
10/4/2015 03:00,0,1,25.42,88,0,4,2,1
10/4/2015 04:00,0,1,26.24,89,0,4,2,1
10/4/2015 05:00,0,1,26.24,89,4.0015,4,3,1
10/4/2015 06:00,0,1,25.42,94,2.57,4,3,2
10/4/2015 07:00,0,1,26.24,89,2.57,4,2,4
10/4/2015 08:00,0,1,26.24,89,0,4,1,4
10/4/2015 09:00,0,1,26.24,89,9.998,4,2,17
10/4/2015 10:00,0,1,27.06,83,5.9981,4,2,23
10/4/2015 11:00,0,1,28.7,70,4.0015,4,2,22
10/4/2015 12:00,0,1,29.52,54,9.998,4,2,28
10/4/2015 13:00,0,1,29.52,58,22.0028,4,2,30
10/4/2015 14:00,0,1,28.7,61,16.9979,4,1,32
10/4/2015 15:00,0,1,29.52,54,19.0012,4,1,28
10/4/2015 16:00,0,1,28.7,54,19.0012,4,1,24
10/4/2015 17:00,0,1,28.7,51,13.0013,4,1,24
10/4/2015 18:00,0,1,27.06,57,4.0015,4,1,19
10/4/2015 19:00,0,1,27.06,57,4.0015,4,1,20
10/4/2015 20:00,0,1,26.24,65,4.0015,4,1,25
10/4/2015 21:00,0,1,25.42,69,0,4,1,12
10/4/2015 22:00,0,1,26.24,47,5.9981,4,1,26
10/4/2015 23:00,0,1,24.6,56,2.57,4,1,8
10/5/2015 00:00,0,1,22.96,73,0,4,1,2
10/5/2015 01:00,0,1,22.14,68,4.0015,4,1,2
10/5/2015 02:00,0,1,22.14,73,2.57,4,1,1
10/5/2015 03:00,0,1,22.14,73,0,4,1,1
10/5/2015 04:00,0,1,22.14,77,0,4,1,1
10/5/2015 05:00,0,1,21.32,77,0,4,1,1
10/5/2015 06:00,0,1,21.32,83,0,4,1,3
10/5/2015 07:00,0,1,21.32,83,4.0015,4,1,16
10/5/2015 08:00,0,1,23.78,64,0,4,1,11
10/5/2015 09:00,0,1,24.6,60,2.57,4,1,12
10/5/2015 10:00,0,1,27.06,54,0,4,1,4
10/5/2015 11:00,0,1,28.7,48,9.998,4,1,14
10/5/2015 12:00,0,1,29.52,42,7.0014,4,1,15
10/5/2015 13:00,0,1,28.7,48,0,4,1,7
10/5/2015 14:00,0,1,30.34,37,13.0013,4,1,14
10/5/2015 15:00,0,1,29.52,39,16.9979,4,1,16
10/5/2015 16:00,0,1,29.52,37,0,4,1,9
10/5/2015 17:00,0,1,28.7,42,7.0014,4,1,36
10/5/2015 18:00,0,1,26.24,57,5.9981,4,1,31
10/5/2015 19:00,0,1,25.42,73,7.0014,4,1,27
10/5/2015 20:00,0,1,24.6,78,5.9981,4,1,17
10/5/2015 21:00,0,1,24.6,69,13.0013,4,1,19
10/5/2015 22:00,0,1,24.6,73,19.0012,4,1,14
10/5/2015 23:00,0,1,23.78,78,13.0013,4,1,8
10/6/2015 00:00,0,0,22.96,83,7.0014,4,1,6
10/6/2015 01:00,0,0,22.96,83,16.9979,4,1,2
10/6/2015 02:00,0,0,22.96,78,9.998,4,1,2
10/6/2015 03:00,0,0,22.14,77,13.0013,4,1,1
10/6/2015 04:00,0,0,22.14,83,16.9979,4,1,1
10/6/2015 05:00,0,0,22.14,83,9.998,4,1,3
10/6/2015 06:00,0,0,22.14,88,16.9979,4,1,9
10/6/2015 07:00,0,0,22.14,83,20,4,1,22
10/6/2015 08:00,0,0,22.96,83,9.998,4,1,34
10/6/2015 09:00,0,0,24.6,73,9.998,4,1,18
10/6/2015 10:00,0,0,25.42,69,19.0012,4,1,13
10/6/2015 11:00,0,0,26.24,65,16.9979,4,1,14
10/6/2015 12:00,0,0,28.7,54,4.0015,4,1,15
10/6/2015 13:00,0,0,26.24,57,35.0008,4,2,21
10/6/2015 14:00,0,0,24.6,56,27.9993,4,2,18
10/6/2015 15:00,0,0,24.6,46,27.9993,4,1,18
10/6/2015 16:00,0,0,24.6,43,35.0008,4,1,26
10/6/2015 17:00,0,0,22.14,49,26.0027,4,1,34
10/6/2015 18:00,0,0,21.32,48,27.9993,4,1,35
10/6/2015 19:00,0,0,19.68,55,13.0013,4,1,24
10/6/2015 20:00,0,0,19.68,55,16.9979,4,1,20
10/6/2015 21:00,0,0,18.86,59,5.9981,4,1,15
10/6/2015 22:00,0,0,18.04,62,5.9981,4,1,15
10/6/2015 23:00,0,0,18.04,62,5.9981,4,1,9
10/7/2015 00:00,0,0,18.04,62,7.0014,4,1,8
10/7/2015 01:00,0,0,18.04,54,13.0013,4,1,5
10/7/2015 02:00,0,0,17.22,62,5.9981,4,1,3
10/7/2015 03:00,0,0,18.04,62,5.9981,4,2,2
10/7/2015 04:00,0,0,18.04,54,16.9979,4,2,2
10/7/2015 05:00,0,0,18.04,54,5.9981,4,2,1
10/7/2015 06:00,0,0,18.04,54,9.998,4,2,3
10/7/2015 07:00,0,0,17.22,58,7.0014,4,3,5
10/7/2015 08:00,0,0,17.22,67,5.9981,4,3,8
10/7/2015 09:00,0,0,16.4,71,5.9981,4,3,13
10/7/2015 10:00,0,0,17.22,67,9.998,4,2,19
10/7/2015 11:00,0,0,17.22,71,4.0015,4,2,17
10/7/2015 12:00,0,0,17.22,71,0,4,2,7
10/7/2015 13:00,0,0,18.04,72,2.57,4,2,15
10/7/2015 14:00,0,0,18.04,67,0,4,2,7
10/7/2015 15:00,0,0,17.22,77,5.9981,4,3,16
10/7/2015 16:00,0,0,16.4,82,7.0014,4,3,16
10/7/2015 17:00,0,0,16.4,82,13.0013,4,3,16
10/7/2015 18:00,0,0,16.4,82,9.998,4,3,16
10/7/2015 19:00,0,0,16.4,82,4.0015,4,2,13
10/7/2015 20:00,0,0,16.4,82,5.9981,4,1,14
10/7/2015 21:00,0,0,15.58,87,4.0015,4,1,10
10/7/2015 22:00,0,0,15.58,87,5.9981,4,1,11
10/7/2015 23:00,0,0,14.76,93,5.9981,4,1,8
11/1/2015 00:00,0,1,14.76,57,2.57,4,1,2
11/1/2015 01:00,0,1,12.3,75,4.0015,4,1,2
11/1/2015 02:00,0,1,13.12,66,5.9981,4,1,1
11/1/2015 03:00,0,1,13.94,61,5.9981,4,1,1
11/1/2015 04:00,0,1,13.94,66,4.0015,4,2,1
11/1/2015 05:00,0,1,13.94,66,5.9981,4,1,3
11/1/2015 06:00,0,1,13.94,61,7.0014,4,1,10
11/1/2015 07:00,0,1,14.76,57,7.0014,4,2,26
11/1/2015 08:00,0,1,14.76,56,4.0015,4,2,31
11/1/2015 09:00,0,1,14.76,57,4.0015,4,3,16
11/1/2015 10:00,0,1,14.76,62,9.998,4,3,14
11/1/2015 11:00,0,1,14.76,62,9.998,4,3,14
11/1/2015 12:00,0,1,15.58,62,7.0014,4,3,16
11/1/2015 13:00,0,1,16.4,58,7.0014,4,2,15
11/1/2015 14:00,0,1,16.4,50,13.0013,4,2,16
11/1/2015 15:00,0,1,16.4,54,7.0014,4,2,16
11/1/2015 16:00,0,1,16.4,54,7.0014,4,2,25
11/1/2015 17:00,0,1,16.4,50,13.0013,4,3,48
11/1/2015 18:00,0,1,16.4,50,7.0014,4,2,47
11/1/2015 19:00,0,1,16.4,50,7.0014,4,2,35
11/1/2015 20:00,0,1,15.58,54,16.9979,4,2,31
11/1/2015 21:00,0,1,15.58,54,5.9981,4,2,16
11/1/2015 22:00,0,1,14.76,57,7.0014,4,1,16
11/1/2015 23:00,0,1,13.94,57,7.0014,4,1,9
11/2/2015 00:00,0,1,13.94,57,7.0014,4,1,4
11/2/2015 01:00,0,1,13.12,66,7.0014,4,1,3
11/2/2015 02:00,0,1,13.12,66,7.0014,4,1,2
11/2/2015 03:00,0,1,12.3,70,7.0014,4,1,1
11/2/2015 04:00,0,1,12.3,70,4.0015,4,1,1
11/2/2015 05:00,0,1,13.12,66,7.0014,4,2,3
11/2/2015 06:00,0,1,12.3,70,7.0014,4,1,10
11/2/2015 07:00,0,1,12.3,70,5.9981,4,2,24
11/2/2015 08:00,0,1,13.12,57,4.0015,4,1,33
11/2/2015 09:00,0,1,13.94,53,4.0015,4,1,16
11/2/2015 10:00,0,1,15.58,46,20,4,1,12
11/2/2015 11:00,0,1,17.22,41,27.9993,4,1,15
11/2/2015 12:00,0,1,17.22,41,23.9994,4,1,15
11/2/2015 13:00,0,1,16.4,43,23.9994,4,1,15
11/2/2015 14:00,0,1,16.4,40,32.9975,4,2,16
11/2/2015 15:00,0,1,16.4,40,27.9993,4,2,17
11/2/2015 16:00,0,1,15.58,40,22.0028,4,1,25
11/2/2015 17:00,0,1,15.58,40,22.0028,4,1,53
11/2/2015 18:00,0,1,15.58,43,22.0028,4,2,47
11/2/2015 19:00,0,1,15.58,43,20,4,2,37
11/2/2015 20:00,0,1,14.76,46,27.9993,4,2,27
11/2/2015 21:00,0,1,14.76,46,23.9994,4,2,15
11/2/2015 22:00,0,1,14.76,46,16.9979,4,1,16
11/2/2015 23:00,0,1,13.94,53,20,4,1,11
11/3/2015 00:00,0,0,13.94,53,7.0014,4,1,5
11/3/2015 01:00,0,0,13.94,49,22.0028,4,2,3
11/3/2015 02:00,0,0,13.94,49,16.9979,4,2,2
11/3/2015 03:00,0,0,13.94,49,16.9979,4,2,1
11/3/2015 04:00,0,0,13.12,49,20,4,2,2
11/3/2015 05:00,0,0,13.12,49,16.9979,4,2,3
11/3/2015 06:00,0,0,13.12,49,9.998,4,2,10
11/3/2015 07:00,0,0,13.12,49,16.9979,4,2,25
11/3/2015 08:00,0,0,13.94,46,20,4,2,40
11/3/2015 09:00,0,0,13.94,49,20,4,2,24
11/3/2015 10:00,0,0,14.76,46,26.0027,4,1,15
11/3/2015 11:00,0,0,14.76,46,26.0027,4,2,16
11/3/2015 12:00,0,0,14.76,46,31.0009,4,2,22
11/3/2015 13:00,0,0,14.76,46,23.9994,4,2,15
11/3/2015 14:00,0,0,14.76,50,22.0028,4,2,21
11/3/2015 15:00,0,0,14.76,46,30.0026,4,2,24
11/3/2015 16:00,0,0,14.76,46,22.0028,4,2,30
11/3/2015 17:00,0,0,14.76,46,20,4,2,45
11/3/2015 18:00,0,0,14.76,46,19.0012,4,2,41
11/3/2015 19:00,0,0,14.76,50,7.0014,4,1,25
11/3/2015 20:00,0,0,13.94,53,5.9981,4,1,20
11/3/2015 21:00,0,0,13.94,53,4.0015,4,1,13
11/3/2015 22:00,0,0,13.12,57,4.0015,4,1,10
11/3/2015 23:00,0,0,13.12,57,4.0015,4,1,9
11/4/2015 00:00,0,0,12.3,61,4.0015,4,1,8
11/4/2015 01:00,0,0,10.66,81,2.57,4,1,6
11/4/2015 02:00,0,0,12.3,65,0,4,1,2
11/4/2015 03:00,0,0,11.48,61,4.0015,4,1,2
11/4/2015 04:00,0,0,10.66,65,5.9981,4,1,1
11/4/2015 05:00,0,0,10.66,65,4.0015,4,1,1
11/4/2015 06:00,0,0,11.48,61,5.9981,4,1,3
11/4/2015 07:00,0,0,10.66,65,4.0015,4,1,4
11/4/2015 08:00,0,0,12.3,56,5.9981,4,1,10
11/4/2015 09:00,0,0,13.12,53,0,4,1,6
11/4/2015 10:00,0,0,13.94,49,9.998,4,1,23
11/4/2015 11:00,0,0,15.58,46,13.0013,4,1,27
11/4/2015 12:00,0,0,15.58,46,13.0013,4,1,31
11/4/2015 13:00,0,0,16.4,43,13.0013,4,1,30
11/4/2015 14:00,0,0,16.4,40,9.998,4,1,27
11/4/2015 15:00,0,0,16.4,40,13.0013,4,1,28
11/4/2015 16:00,0,0,16.4,40,22.0028,4,1,27
11/4/2015 17:00,0,0,14.76,43,9.998,4,1,28
11/4/2015 18:00,0,0,14.76,43,13.0013,4,1,28
11/4/2015 19:00,0,0,14.76,43,16.9979,4,1,24
11/4/2015 20:00,0,0,13.12,53,23.9994,4,1,15
11/4/2015 21:00,0,0,12.3,52,20,4,1,18
11/4/2015 22:00,0,0,12.3,52,19.0012,4,1,16
11/4/2015 23:00,0,0,12.3,56,7.0014,4,2,12
11/5/2015 00:00,0,1,12.3,56,9.998,4,2,9
11/5/2015 01:00,0,1,12.3,56,7.0014,4,2,5
11/5/2015 02:00,0,1,12.3,56,7.0014,4,2,5
11/5/2015 03:00,0,1,12.3,56,13.0013,4,2,3
11/5/2015 04:00,0,1,12.3,52,16.9979,4,2,2
11/5/2015 05:00,0,1,12.3,52,22.0028,4,2,2
11/5/2015 06:00,0,1,12.3,49,19.0012,4,2,2
11/5/2015 07:00,0,1,12.3,49,16.9979,4,2,5
11/5/2015 08:00,0,1,12.3,49,13.0013,4,2,7
11/5/2015 09:00,0,1,12.3,52,19.0012,4,2,14
11/5/2015 10:00,0,1,13.12,49,19.0012,4,1,22
11/5/2015 11:00,0,1,13.94,46,13.0013,4,1,25
11/5/2015 12:00,0,1,14.76,43,22.0028,4,1,30
11/5/2015 13:00,0,1,14.76,40,16.9979,4,1,31
11/5/2015 14:00,0,1,15.58,40,7.0014,4,1,28
11/5/2015 15:00,0,1,15.58,40,19.0012,4,1,27
11/5/2015 16:00,0,1,14.76,43,19.0012,4,1,26
11/5/2015 17:00,0,1,13.94,46,13.0013,4,1,22
11/5/2015 18:00,0,1,13.94,46,13.0013,4,1,13
11/5/2015 19:00,0,1,13.12,49,7.0014,4,1,10
11/5/2015 20:00,0,1,13.12,49,16.9979,4,1,12
11/5/2015 21:00,0,1,12.3,52,19.0012,4,1,13
11/5/2015 22:00,0,1,11.48,56,9.998,4,1,9
11/5/2015 23:00,0,1,10.66,60,5.9981,4,1,5
11/6/2015 00:00,0,1,9.84,60,4.0015,4,1,2
11/6/2015 01:00,0,1,9.84,60,7.0014,4,1,2
11/6/2015 02:00,0,1,9.84,65,2.57,4,1,1
11/6/2015 03:00,0,1,9.02,64,4.0015,4,1,1
11/6/2015 04:00,0,1,9.02,69,2.57,4,1,1
11/6/2015 05:00,0,1,9.02,64,9.998,4,2,2
11/6/2015 06:00,0,1,9.02,69,5.9981,4,1,8
11/6/2015 07:00,0,1,8.2,69,7.0014,4,1,22
11/6/2015 08:00,0,1,9.02,69,7.0014,4,1,32
11/6/2015 09:00,0,1,10.66,60,7.0014,4,1,15
11/6/2015 10:00,0,1,12.3,49,9.998,4,1,13
11/6/2015 11:00,0,1,13.12,45,5.9981,4,1,13
11/6/2015 12:00,0,1,13.12,45,5.9981,4,1,15
11/6/2015 13:00,0,1,13.94,46,5.9981,4,1,15
11/6/2015 14:00,0,1,14.76,40,4.0015,4,1,13
11/6/2015 15:00,0,1,13.94,46,16.9979,4,1,17
11/6/2015 16:00,0,1,13.94,46,7.0014,4,1,24
11/6/2015 17:00,0,1,13.12,53,13.0013,4,1,49
11/6/2015 18:00,0,1,13.12,57,20,4,1,51
11/6/2015 19:00,0,1,12.3,56,13.0013,4,1,36
11/6/2015 20:00,0,1,12.3,61,13.0013,4,1,26
11/6/2015 21:00,0,1,12.3,56,16.9979,4,2,19
11/6/2015 22:00,0,1,12.3,56,13.0013,4,2,12
11/6/2015 23:00,0,1,12.3,56,13.0013,4,1,7
11/7/2015 00:00,0,1,12.3,56,19.0012,4,2,3
11/7/2015 01:00,0,1,11.48,61,16.9979,4,2,2
11/7/2015 02:00,0,1,11.48,56,20,4,2,2
11/7/2015 03:00,0,1,11.48,52,22.0028,4,2,1
11/7/2015 04:00,0,1,11.48,52,20,4,2,1
11/7/2015 05:00,0,1,11.48,52,22.0028,4,2,3
11/7/2015 06:00,0,1,10.66,56,19.0012,4,2,11
11/7/2015 07:00,0,1,10.66,56,20,4,2,31
11/7/2015 08:00,0,1,10.66,60,19.0012,4,2,42
11/7/2015 09:00,0,1,10.66,60,19.0012,4,2,20
11/7/2015 10:00,0,1,11.48,56,20,4,2,15
11/7/2015 11:00,0,1,13.12,51,23.9994,4,2,15
11/7/2015 12:00,0,1,13.12,53,19.0012,4,2,18
11/7/2015 13:00,0,1,13.12,53,16.9979,4,2,16
11/7/2015 14:00,0,1,13.12,53,23.9994,4,2,15
11/7/2015 15:00,0,1,13.12,53,20,4,2,19
11/7/2015 16:00,0,1,13.12,53,23.9994,4,2,15
11/7/2015 17:00,0,1,13.12,53,26.0027,4,2,51
11/7/2015 18:00,0,1,13.12,53,23.9994,4,2,15
11/7/2015 19:00,0,1,12.3,56,20,4,2,37
11/7/2015 20:00,0,1,13.12,49,22.0028,4,2,27
11/7/2015 21:00,0,1,13.12,49,20,4,2,20
11/7/2015 22:00,0,1,12.3,56,16.9979,4,3,14
11/7/2015 23:00,0,1,11.48,65,13.0013,4,3,8
11/8/2015 00:00,0,1,11.48,61,13.0013,4,3,4
11/8/2015 01:00,0,1,12.3,52,23.9994,4,3,15
11/8/2015 02:00,0,1,12.3,49,13.0013,4,2,1
11/8/2015 04:00,0,1,12.3,45,19.0012,4,2,1
11/8/2015 05:00,0,1,12.3,42,13.0013,4,2,1
11/8/2015 06:00,0,1,12.3,39,13.0013,4,1,3
11/8/2015 07:00,0,1,11.48,36,26.0027,4,1,11
11/8/2015 08:00,0,1,12.3,33,19.0012,4,1,29
11/8/2015 09:00,0,1,13.12,31,23.9994,4,1,15
11/8/2015 10:00,0,1,13.12,31,22.0028,4,1,21
11/8/2015 11:00,0,1,14.76,29,26.0027,4,1,13
11/8/2015 12:00,0,1,16.4,24,32.9975,4,1,16
11/8/2015 13:00,0,1,18.04,18,27.9993,4,1,18
11/8/2015 14:00,0,1,18.04,18,27.9993,4,1,20
11/8/2015 15:00,0,1,18.04,18,27.9993,4,1,15
11/8/2015 16:00,0,1,17.22,16,26.0027,4,1,17
11/8/2015 17:00,0,1,16.4,20,20,4,1,27
11/8/2015 18:00,0,1,16.4,24,27.9993,4,1,54
11/8/2015 19:00,0,1,15.58,27,23.9994,4,1,15
11/8/2015 20:00,0,1,15.58,29,31.0009,4,1,45
11/8/2015 21:00,0,1,14.76,37,26.0027,4,1,29
11/8/2015 22:00,0,1,13.94,42,20,4,1,24
11/8/2015 23:00,0,1,13.94,46,23.9994,4,1,15
11/9/2015 00:00,0,1,13.94,49,22.0028,4,1,9
12/1/2015 00:00,0,0,10.66,81,0,4,1,1
12/1/2015 01:00,0,0,10.66,81,0,4,1,4
12/1/2015 02:00,0,0,10.66,81,0,4,2,2
12/1/2015 03:00,0,0,10.66,81,5.9981,4,2,4
12/1/2015 04:00,0,0,10.66,81,2.57,4,1,2
12/1/2015 05:00,0,0,9.84,87,2.57,4,1,1
12/1/2015 06:00,0,0,9.84,87,5.9981,4,1,2
12/1/2015 07:00,0,0,9.84,87,5.9981,4,2,2
12/1/2015 08:00,0,0,9.84,87,5.9981,4,2,4
12/1/2015 09:00,0,0,10.66,93,16.9979,4,2,10
12/1/2015 10:00,0,0,11.48,89,7.0014,4,2,13
12/1/2015 11:00,0,0,13.12,76,4.0015,4,2,19
12/1/2015 12:00,0,0,13.12,81,2.57,4,2,20
12/1/2015 13:00,0,0,13.94,76,0,4,2,10
12/1/2015 14:00,0,0,14.76,71,0,4,2,11
12/1/2015 15:00,0,0,16.4,62,0,4,2,11
12/1/2015 16:00,0,0,15.58,66,0,4,2,12
12/1/2015 17:00,0,0,13.94,76,4.0015,4,2,21
12/1/2015 18:00,0,0,13.94,76,0,4,2,10
12/1/2015 19:00,0,0,13.12,81,0,4,2,9
12/1/2015 20:00,0,0,13.12,81,0,4,1,8
12/1/2015 21:00,0,0,12.3,87,0,4,2,5
12/1/2015 22:00,0,0,12.3,87,0,4,2,3
12/1/2015 23:00,0,0,13.12,81,0,4,2,2
12/2/2015 00:00,0,0,12.3,87,2.57,4,2,6
12/2/2015 01:00,0,0,12.3,87,2.57,4,2,4
12/2/2015 02:00,0,0,12.3,87,0,4,2,2
12/2/2015 03:00,0,0,10.66,93,0,4,2,2
12/2/2015 04:00,0,0,10.66,93,0,4,2,1
12/2/2015 05:00,0,0,10.66,93,0,4,2,1
12/2/2015 06:00,0,0,9.84,93,5.9981,4,2,1
12/2/2015 07:00,0,0,9.84,93,5.9981,4,2,1
12/2/2015 08:00,0,0,10.66,93,2.57,4,2,2
12/2/2015 09:00,0,0,11.48,93,7.0014,4,2,7
12/2/2015 10:00,0,0,12.3,87,0,4,2,5
12/2/2015 11:00,0,0,13.12,81,7.0014,4,2,21
12/2/2015 12:00,0,0,13.94,81,7.0014,4,2,26
12/2/2015 13:00,0,0,16.4,71,13.0013,4,1,31
12/2/2015 14:00,0,0,18.04,62,16.9979,4,1,29
12/2/2015 15:00,0,0,18.04,67,5.9981,4,1,23
12/2/2015 16:00,0,0,18.04,67,4.0015,4,2,16
12/2/2015 17:00,0,0,16.4,76,9.998,4,3,27
12/2/2015 18:00,0,0,18.04,72,4.0015,4,2,23
12/2/2015 19:00,0,0,16.4,82,9.998,4,2,28
12/2/2015 20:00,0,0,17.22,82,9.998,4,2,17
12/2/2015 21:00,0,0,18.04,77,13.0013,4,2,7
12/2/2015 22:00,0,0,18.04,77,9.998,4,2,11
12/2/2015 23:00,0,0,17.22,82,5.9981,4,2,9
12/3/2015 00:00,0,1,17.22,82,7.0014,4,2,7
12/3/2015 01:00,0,1,16.4,82,5.9981,4,1,6
12/3/2015 02:00,0,1,17.22,77,7.0014,4,1,4
12/3/2015 03:00,0,1,15.58,87,0,4,1,1
12/3/2015 04:00,0,1,14.76,93,0,4,1,1
12/3/2015 05:00,0,1,13.94,93,2.57,4,1,1
12/3/2015 06:00,0,1,14.76,93,0,4,1,1
12/3/2015 07:00,0,1,13.94,93,0,4,2,1
12/3/2015 08:00,0,1,14.76,93,0,4,1,1
12/3/2015 09:00,0,1,16.4,87,2.57,4,1,6
12/3/2015 10:00,0,1,18.04,77,5.9981,4,1,12
12/3/2015 11:00,0,1,19.68,77,5.9981,4,1,18
12/3/2015 12:00,0,1,21.32,68,7.0014,4,1,24
12/3/2015 13:00,0,1,23.78,56,2.57,4,1,22
12/3/2015 14:00,0,1,24.6,53,0,4,1,12
12/3/2015 15:00,0,1,24.6,56,0,4,1,11
12/3/2015 16:00,0,1,24.6,53,5.9981,4,1,23
12/3/2015 17:00,0,1,21.32,63,4.0015,4,1,22
12/3/2015 18:00,0,1,20.5,68,2.57,4,1,20
12/3/2015 19:00,0,1,20.5,68,2.57,4,1,20
12/3/2015 20:00,0,1,18.86,77,0,4,2,8
12/3/2015 21:00,0,1,18.04,82,9.998,4,1,16
12/3/2015 22:00,0,1,17.22,82,4.0015,4,1,9
12/3/2015 23:00,0,1,17.22,82,4.0015,4,1,6
12/4/2015 00:00,0,1,17.22,88,4.0015,4,1,4
12/4/2015 01:00,0,1,17.22,82,4.0015,4,1,2
12/4/2015 02:00,0,1,17.22,88,2.57,4,1,2
12/4/2015 03:00,0,1,16.4,87,5.9981,4,2,1
12/4/2015 04:00,0,1,16.4,87,5.9981,4,2,1
12/4/2015 05:00,0,1,18.04,88,0,4,2,1
12/4/2015 06:00,0,1,14.76,93,0,4,2,1
12/4/2015 07:00,0,1,17.22,88,5.9981,4,1,9
12/4/2015 08:00,0,1,18.04,88,7.0014,4,2,26
12/4/2015 09:00,0,1,18.86,82,4.0015,4,1,29
12/4/2015 10:00,0,1,18.86,82,9.998,4,1,19
12/4/2015 11:00,0,1,19.68,77,9.998,4,1,11
12/4/2015 12:00,0,1,21.32,68,9.998,4,1,12
12/4/2015 13:00,0,1,22.14,64,7.0014,4,2,16
12/4/2015 14:00,0,1,23.78,56,13.0013,4,2,16
12/4/2015 15:00,0,1,24.6,49,16.9979,4,2,17
12/4/2015 16:00,0,1,23.78,49,19.0012,4,1,18
12/4/2015 17:00,0,1,21.32,59,13.0013,4,1,26
12/4/2015 18:00,0,1,20.5,63,13.0013,4,1,49
12/4/2015 19:00,0,1,19.68,67,13.0013,4,1,48
12/4/2015 20:00,0,1,20.5,63,13.0013,4,2,32
12/4/2015 21:00,0,1,20.5,63,16.9979,4,2,23
12/4/2015 22:00,0,1,20.5,63,20,4,2,17
12/4/2015 23:00,0,1,19.68,67,16.9979,4,1,11
12/5/2015 00:00,0,1,20.5,59,19.0012,4,1,6
12/5/2015 01:00,0,1,21.32,55,22.0028,4,1,3
12/5/2015 02:00,0,1,18.86,67,7.0014,4,1,2
12/5/2015 03:00,0,1,19.68,67,5.9981,4,1,1
12/5/2015 04:00,0,1,20.5,63,30.0026,4,1,1
12/5/2015 05:00,0,1,20.5,59,19.0012,4,1,1
12/5/2015 06:00,0,1,19.68,55,26.0027,4,3,3
12/5/2015 07:00,0,1,18.86,59,20,4,3,13
12/5/2015 08:00,0,1,18.04,58,19.0012,4,2,30
12/5/2015 09:00,0,1,18.04,51,13.0013,4,2,41
12/5/2015 10:00,0,1,18.04,47,23.9994,4,2,15
12/5/2015 11:00,0,1,18.04,44,19.0012,4,1,15
12/5/2015 12:00,0,1,18.04,41,19.0012,4,1,13
12/5/2015 13:00,0,1,18.86,41,19.0012,4,1,16
12/5/2015 14:00,0,1,19.68,33,32.9975,4,1,16
12/5/2015 15:00,0,1,19.68,33,19.0012,4,1,13
12/5/2015 16:00,0,1,18.86,33,19.0012,4,1,15
12/5/2015 17:00,0,1,18.04,35,19.0012,4,1,26
12/5/2015 18:00,0,1,17.22,35,30.0026,4,1,55
12/5/2015 19:00,0,1,15.58,43,23.9994,4,1,15
12/5/2015 20:00,0,1,13.94,46,26.0027,4,1,39
12/5/2015 21:00,0,1,13.94,46,27.9993,4,1,27
12/5/2015 22:00,0,1,13.12,45,26.0027,4,1,18
12/5/2015 23:00,0,1,12.3,49,26.0027,4,1,13
12/6/2015 00:00,0,1,10.66,48,19.0012,4,1,9
12/6/2015 01:00,0,1,10.66,48,19.0012,4,1,5
12/6/2015 02:00,0,1,9.84,52,19.0012,4,1,2
12/6/2015 03:00,0,1,9.02,55,9.998,4,1,1
12/6/2015 04:00,0,1,9.02,55,20,4,1,1
12/6/2015 05:00,0,1,9.02,55,19.0012,4,1,1
12/6/2015 06:00,0,1,9.02,55,20,4,1,3
12/6/2015 07:00,0,1,9.02,51,20,4,1,12
12/6/2015 08:00,0,1,9.02,51,20,4,1,30
12/6/2015 09:00,0,1,9.84,48,9.998,4,1,37
12/6/2015 10:00,0,1,9.84,52,9.998,4,1,8
12/6/2015 11:00,0,1,10.66,48,7.0014,4,1,3
12/6/2015 12:00,0,1,11.48,41,0,4,1,2
12/6/2015 13:00,0,1,12.3,39,0,4,1,3
12/6/2015 14:00,0,1,12.3,42,2.57,4,1,8
12/6/2015 15:00,0,1,13.12,39,0,4,1,5
12/6/2015 16:00,0,1,13.12,42,0,4,1,6
12/6/2015 17:00,0,1,12.3,45,4.0015,4,1,19
12/6/2015 18:00,0,1,11.48,45,7.0014,4,1,43
12/6/2015 19:00,0,1,10.66,60,9.998,4,1,48
12/6/2015 20:00,0,1,9.84,60,4.0015,4,2,25
12/6/2015 21:00,0,1,9.84,60,5.9981,4,2,21
12/6/2015 22:00,0,1,9.84,65,7.0014,4,1,15
12/6/2015 23:00,0,1,9.84,65,7.0014,4,1,12
12/7/2015 00:00,0,1,9.84,70,4.0015,4,1,8
12/7/2015 01:00,0,1,9.84,70,9.998,4,2,6
12/7/2015 02:00,0,1,10.66,70,5.9981,4,2,2
12/7/2015 03:00,0,1,10.66,81,9.998,4,2,2
12/7/2015 04:00,0,1,10.66,75,4.0015,4,1,1
12/7/2015 05:00,0,1,10.66,81,4.0015,4,2,1
12/7/2015 06:00,0,1,11.48,75,7.0014,4,2,3
12/7/2015 07:00,0,1,11.48,81,7.0014,4,3,8
12/7/2015 08:00,0,1,12.3,75,9.998,4,2,28
12/7/2015 09:00,0,1,12.3,81,5.9981,4,2,36
12/7/2015 10:00,0,1,13.12,76,7.0014,4,2,19
12/7/2015 11:00,0,1,13.12,76,9.998,4,2,13
12/7/2015 12:00,0,1,13.94,71,9.998,4,2,17
12/7/2015 13:00,0,1,14.76,66,5.9981,4,2,17
12/7/2015 14:00,0,1,14.76,71,7.0014,4,2,19
12/7/2015 15:00,0,1,14.76,71,7.0014,4,2,14
12/7/2015 16:00,0,1,14.76,76,5.9981,4,1,17
12/7/2015 17:00,0,1,15.58,66,0,4,2,10
12/7/2015 18:00,0,1,15.58,71,4.0015,4,2,35
12/7/2015 19:00,0,1,15.58,76,0,4,2,16
12/7/2015 20:00,0,1,15.58,76,4.0015,4,3,26
12/7/2015 21:00,0,1,14.76,93,4.0015,4,2,18
12/7/2015 22:00,0,1,14.76,93,2.57,4,2,13
12/7/2015 23:00,0,1,14.76,93,2.57,4,2,12
12/8/2015 00:00,0,0,14.76,93,2.57,4,2,10
12/8/2015 01:00,0,0,14.76,93,5.9981,4,2,8
12/8/2015 02:00,0,0,14.76,93,5.9981,4,2,6
